,New (Shinjitai),Radical,Strokes,Grade,English meaning,Readings
0,一,一,1,1,one,"イチ、イツ、ひと、ひと-つ
ichi, itsu, hito, hito-tsu"
1,右,口,5,1,right (direction),"ウ、ユウ、みぎ
u, yū, migi"
2,雨,雨,8,1,rain,"ウ、あめ、（あま）
u, ame, (ama)"
3,円,囗,4,1,"round, yen","エン、まる-い
en, maru-i"
4,王,玉,4,1,king,"オウ
ō"
5,音,音,9,1,sound,"オン、イン、おと、ね
on, in, oto, ne"
6,下,一,3,1,below,"カ、ゲ、した、しも、もと、さ-げる、さ-がる、くだ-る、くだ-す、くだ-さる、お-ろす、お-りる
ka, ge, shita, shimo, moto, sa-geru, sa-garu, kuda-ru, kuda-su, kuda-saru, o-rosu, o-riru"
7,火,火,4,1,fire,"カ、ひ、（ほ）
ka, hi, (ho)"
8,花,艸,7,1,flower,"カ、はな
ka, hana"
9,貝,貝,7,1,shellfish,"かい
kai"
10,学,子,8,1,study,"ガク、まな-ぶ
gaku, mana-bu"
11,気,气,6,1,feeling,"キ、ケ
ki, ke"
12,九,乙,2,1,nine,"キュウ、ク、ここの、ここの-つ
kyū, ku, kokono, kokono-tsu"
13,休,人,6,1,rest,"キュウ、やす-む、やす-まる、やす-める
kyū, yasu-mu, yasu-maru, yasu-meru"
14,玉,玉,5,1,ball,"ギョク、たま
gyoku, tama"
15,金,金,8,1,gold,"キン、コン、かね、（かな）
kin, kon, kane, (kana)"
16,空,穴,8,1,sky,"クウ、そら、あ-く、あ-ける、から
kū, sora, a-ku, a-keru, kara"
17,月,月,4,1,"month, moon","ゲツ、ガツ、つき
getsu, gatsu, tsuki"
18,犬,犬,4,1,dog,"ケン、いぬ
ken, inu"
19,見,見,7,1,see,"ケン、み-る、み-える、み-せる
ken, mi-ru, mi-eru, mi-seru"
20,五,二,4,1,five,"ゴ、いつ、いつ-つ
go, itsu, itsu-tsu"
21,口,口,3,1,mouth,"コウ、ク、くち
kō, ku, kuchi"
22,校,木,10,1,school,"コウ
kō"
23,左,工,5,1,left (direction),"サ、ひだり
sa, hidari"
24,三,一,3,1,three,"サン、み、み-つ、みっ-つ
san, mi, mi-tsu, mi'-tsu"
25,山,山,3,1,mountain,"サン、やま
san, yama"
26,子,子,3,1,child,"シ、ス、こ
shi, su, ko"
27,四,囗,5,1,four,"シ、よ、よ-つ、よっ-つ、よん
shi, yo, yo-tsu, yo'-tsu, yon"
28,糸,糸,6,1,thread,"シ、いと
shi, ito"
29,字,子,6,1,letter,"ジ、あざ
ji, aza"
30,耳,耳,6,1,ear,"ジ、みみ
ji, mimi"
31,七,一,2,1,seven,"シチ、なな、なな-つ、（なの）
shichi, nana, nana-tsu, (nano)"
32,車,車,7,1,car,"シャ、くるま
sha, kuruma"
33,手,手,4,1,hand,"シュ、て、（た）
shu, te, (ta)"
34,十,十,2,1,ten,"ジュウ、ジッ、とお、と
jū, ji', too, to"
35,出,凵,5,1,exit,"シュツ、（スイ）、で-る、だ-す
shutsu, (sui), de-ru, da-su"
36,女,女,3,1,woman,"ジョ、ニョ、（ニョウ）、おんな、め
jo, nyo, (nyō), onna, me"
37,小,小,3,1,small,"ショウ、ちい-さい、こ、お
shō, chii-sai, ko, o"
38,上,一,3,1,up,"ジョウ、（ショウ）、うえ、（うわ）、かみ、あ-げる、あ-がる、のぼ-る、のぼ-せる、のぼ-す
jō, (shō), ue, (uwa), kami, a-geru, a-garu, nobo-ru, nobo-seru, nobo-su"
39,森,木,12,1,forest,"シン、もり
shin, mori"
40,人,人,2,1,person,"ジン、ニン、ひと
jin, nin, hito"
41,水,水,4,1,water,"スイ、みず
sui, mizu"
42,正,止,5,1,correct,"セイ、ショウ、ただ-しい、ただ-す、まさ
sei, shō, tada-shii, tada-su, masa"
43,生,生,5,1,life,"セイ、ショウ、い-きる、い-かす、い-ける、う-まれる、う-む、お-う、は-える、は-やす、き、なま
sei, shō, i-kiru, i-kasu, i-keru, u-mareru, u-mu, o-u, ha-eru, ha-yasu, ki, nama"
44,青,靑,8,1,blue,"セイ、（ショウ）、あお、あお-い
sei, (shō), ao, ao-i"
45,夕,夕,3,1,evening,"セキ、ゆう
seki, yū"
46,石,石,5,1,stone,"セキ、（シャク）、（コク）、いし
seki, (shaku), (koku), ishi"
47,赤,赤,7,1,red,"セキ、（シャク）、あか、あか-い、あか-らむ、あか-らめる
seki, (shaku), aka, aka-i, aka-ramu, aka-rameru"
48,千,十,3,1,thousand,"セン、ち
sen, chi"
49,川,巛,3,1,river,"セン、かわ
sen, kawa"
50,先,儿,6,1,previous,"セン、さき
sen, saki"
51,早,日,6,1,early,"ソウ、（サッ）、はや-い、はや-まる、はや-める
sō, (sa'), haya-i, haya-maru, haya-meru"
52,草,艸,9,1,grass,"ソウ、くさ
sō, kusa"
53,足,足,7,1,foot,"ソク、あし、た-りる、た-る、た-す
soku, ashi, ta-riru, ta-ru, ta-su"
54,村,木,7,1,village,"ソン、むら
son, mura"
55,大,大,3,1,large,"ダイ、タイ、おお、おお-きい、おお-いに
dai, tai, oo, oo-kii, oo-ini"
56,男,田,7,1,male,"ダン、ナン、おとこ
dan, nan, otoko"
57,竹,竹,6,1,bamboo,"チク、たけ
chiku, take"
58,中,丨,4,1,middle,"チュウ、（ジュウ）、なか
chū, (jū), naka"
59,虫,虫,6,1,insect,"チュウ、むし
chū, mushi"
60,町,田,7,1,town,"チョウ、まち
chō, machi"
61,天,大,4,1,heaven,"テン、あめ、（あま）
ten, ame, (ama)"
62,田,田,5,1,rice paddy,"デン、た
den, ta"
63,土,土,3,1,soil,"ド、ト、つち
do, to, tsuchi"
64,二,二,2,1,two,"ニ、ふた、ふた-つ
ni, futa, futa-tsu"
65,日,日,4,1,day,"ニチ、ジツ、ひ、か
nichi, jitsu, hi, ka"
66,入,入,2,1,enter,"ニュウ、い-る、い-れる、はい-る
nyū, i-ru, i-reru, hai-ru"
67,年,干,6,1,year,"ネン、とし
nen, toshi"
68,白,白,5,1,white,"ハク、ビャク、しろ、（しら）、しろ-い
haku, byaku, shiro, (shira), shiro-i"
69,八,八,2,1,eight,"ハチ、や、や-つ、やっ-つ、（よう）
hachi, ya, ya-tsu, ya'-tsu, (yō)"
70,百,白,6,1,hundred,"ヒャク
hyaku"
71,文,文,4,1,writing,"ブン、モン、ふみ
bun, mon, fumi"
72,木,木,4,1,tree,"ボク、モク、き、（こ）
boku, moku, ki, (ko)"
73,本,木,5,1,book,"ホン、もと
hon, moto"
74,名,口,6,1,name,"メイ、ミョウ、な
mei, myō, na"
75,目,目,5,1,eye,"モク、（ボク）、め、（ま）
moku, (boku), me, (ma)"
76,立,立,5,1,stand up,"リツ、（リュウ）、た-つ、た-てる
ritsu, (ryū), ta-tsu, ta-teru"
77,力,力,2,1,power,"リョク、リキ、ちから
ryoku, riki, chikara"
78,林,木,8,1,woods,"リン、はやし
rin, hayashi"
79,六,八,4,1,six,"ロク、む、む-つ、むっ-つ、（むい）
roku, mu, mu-tsu, mu'-tsu, (mui)"
80,引,弓,4,2,pull,"イン、ひ-く、ひ-ける
in, hi-ku, hi-keru"
81,羽,羽,6,2,feather,"ウ、は、はね
u, ha, hane"
82,雲,雨,12,2,cloud,"ウン、くも
un, kumo"
83,園,囗,13,2,garden,"エン、その
en, sono"
84,遠,辵,13,2,far,"エン、（オン）、とお-い
en, (on), too-i"
85,何,人,7,2,what,"カ、なに、（なん）
ka, nani, (nan)"
86,科,禾,9,2,section,"カ
ka"
87,夏,夊,10,2,summer,"カ、（ゲ）、なつ
ka, (ge), natsu"
88,家,宀,10,2,house,"カ、ケ、いえ、や
ka, ke, ie, ya"
89,歌,欠,14,2,song,"カ、うた、うた-う
ka, uta, uta-u"
90,画,田,8,2,tableau,"ガ、カク
ga, kaku"
91,回,囗,6,2,times,"カイ、（エ）、まわ-る、まわ-す
kai, (e), mawa-ru, mawa-su"
92,会,曰,6,2,association,"カイ、エ、あ-う
kai, e, a-u"
93,海,水,9,2,sea,"カイ、うみ
kai, umi"
94,絵,糸,12,2,picture,"カイ、エ
kai, e"
95,外,夕,5,2,outside,"ガイ、ゲ、そと、ほか、はず-す、はず-れる
gai, ge, soto, hoka, hazu-su, hazu-reru"
96,角,角,7,2,angle,"カク、かど、つの
kaku, kado, tsuno"
97,楽,木,13,2,pleasure,"ガク、ラク、たの-しい、たの-しむ
gaku, raku, tano-shii, tano-shimu"
98,活,水,9,2,active,"カツ
katsu"
99,間,門,12,2,interval,"カン、ケン、あいだ、ま
kan, ken, aida, ma"
100,丸,丶,3,2,circle,"ガン、まる、まる-い、まる-める
gan, maru, maru-i, maru-meru"
101,岩,山,8,2,boulder,"ガン、いわ
gan, iwa"
102,顔,頁,18,2,face,"ガン、かお
gan, kao"
103,汽,水,7,2,steam,"キ
ki"
104,記,言,10,2,write down,"キ、しる-す
ki, shiru-su"
105,帰,止,10,2,return,"キ、かえ-る、かえ-す
ki, kae-ru, kae-su"
106,弓,弓,3,2,"bow (archery, violin)","キュウ、ゆみ
kyū, yumi"
107,牛,牛,4,2,cow,"ギュウ、うし
gyū, ushi"
108,魚,魚,11,2,fish,"ギョ、うお、さかな
gyo, uo, sakana"
109,京,亠,8,2,capital,"キョウ、ケイ
kyō, kei"
110,強,弓,11,2,strong,"キョウ、ゴウ、つよ-い、つよ-まる、つよ-める、し-いる
kyō, gō, tsuyo-i, tsuyo-maru, tsuyo-meru, shi-iru"
111,教,攴,11,2,teach,"キョウ、おし-える、おそ-わる
kyō, oshi-eru, oso-waru"
112,近,辵,7,2,near,"キン、ちか-い
kin, chika-i"
113,兄,儿,5,2,older brother,"ケイ、（キョウ）、あに
kei, (kyō), ani"
114,形,彡,7,2,shape,"ケイ、ギョウ、かた、かたち
kei, gyō, kata, katachi"
115,計,言,9,2,measure,"ケイ、はか-る、はか-らう
kei, haka-ru, haka-rau"
116,元,儿,4,2,origin,"ゲン、ガン、もと
gen, gan, moto"
117,言,言,7,2,say,"ゲン、ゴン、い-う、こと
gen, gon, i-u, koto"
118,原,厂,10,2,field,"ゲン、はら
gen, hara"
119,戸,戶,4,2,door,"コ、と
ko, to"
120,古,口,5,2,old,"コ、ふる-い、ふる-す
ko, furu-i, furu-su"
121,午,十,4,2,noon,"ゴ
go"
122,後,彳,9,2,behind,"ゴ、コウ、のち、うし-ろ、あと、おく-れる
go, kō, nochi, ushi-ro, ato, oku-reru"
123,語,言,14,2,language,"ゴ、かた-る、かた-らう
go, kata-ru, kata-rau"
124,工,工,3,2,craft,"コウ、ク
kō, ku"
125,公,八,4,2,public,"コウ、おおやけ
kō, ooyake"
126,広,广,5,2,wide,"コウ、ひろ-い、ひろ-まる、ひろ-める、ひろ-がる、ひろ-げる
kō, hiro-i, hiro-maru, hiro-meru, hiro-garu, hiro-geru"
127,交,亠,6,2,mix,"コウ、まじ-わる、まじ-える、ま-じる、ま-ざる、ま-ぜる、か-う、か-わす
kō, maji-waru, maji-eru, ma-jiru, ma-zaru, ma-zeru, ka-u, ka-wasu"
128,光,儿,6,2,ray,"コウ、ひか-る、ひかり
kō, hika-ru, hikari"
129,考,老,6,2,think,"コウ、かんが-える
kō, kanga-eru"
130,行,行,6,2,go,"コウ、ギョウ、（アン）、い-く、ゆ-く、おこな-う
kō, gyō, (an), i-ku, yu-ku, okona-u"
131,高,高,10,2,"tall, expensive","コウ、たか-い、たか、たか-まる、たか-める
kō, taka-i, taka, taka-maru, taka-meru"
132,黄,黃,11,2,yellow,"コウ、オウ、き、（こ）
kō, ō, ki, (ko)"
133,合,口,6,2,fit,"ゴウ、ガッ、（カッ）、あ-う、あ-わす、あ-わせる
gō, ga', (ka'), a-u, a-wasu, a-waseru"
134,谷,谷,7,2,valley,"コク、たに
koku, tani"
135,国,囗,8,2,country,"コク、くに
koku, kuni"
136,黒,黑,11,2,black,"コク、くろ、くろ-い
koku, kuro, kuro-i"
137,今,人,4,2,now,"コン、キン、いま
kon, kin, ima"
138,才,手,3,2,genius,"サイ
sai"
139,細,糸,11,2,thin,"サイ、ほそ-い、ほそ-る、こま-か、こま-かい
sai, hoso-i, hoso-ru, koma-ka, koma-kai"
140,作,人,7,2,make,"サク、サ、つく-る
saku, sa, tsuku-ru"
141,算,竹,14,2,calculate,"サン
san"
142,止,止,4,2,stop,"シ、と-まる、と-める
shi, to-maru, to-meru"
143,市,巾,5,2,market,"シ、いち
shi, ichi"
144,矢,矢,5,2,arrow,"シ、や
shi, ya"
145,姉,女,8,2,older sister,"シ、あね
shi, ane"
146,思,心,9,2,think,"シ、おも-う
shi, omo-u"
147,紙,糸,10,2,paper,"シ、かみ
shi, kami"
148,寺,寸,6,2,Buddhist temple,"ジ、てら
ji, tera"
149,自,自,6,2,oneself,"ジ、シ、みずか-ら
ji, shi, mizuka-ra"
150,時,日,10,2,time,"ジ、とき
ji, toki"
151,室,宀,9,2,room,"シツ、むろ
shitsu, muro"
152,社,示,7,2,company,"シャ、やしろ
sha, yashiro"
153,弱,弓,10,2,weak,"ジャク、よわ-い、よわ-る、よわ-まる、よわ-める
jaku, yowa-i, yowa-ru, yowa-maru, yowa-meru"
154,首,首,9,2,neck,"シュ、くび
shu, kubi"
155,秋,禾,9,2,autumn,"シュウ、あき
shū, aki"
156,週,辵,11,2,week,"シュウ
shū"
157,春,日,9,2,springtime,"シュン、はる
shun, haru"
158,書,曰,10,2,write,"ショ、か-く
sho, ka-ku"
159,少,小,4,2,few,"ショウ、すく-ない、すこ-し
shō, suku-nai, suko-shi"
160,場,土,12,2,place,"ジョウ、ば
jō, ba"
161,色,色,6,2,color,"ショク、シキ、いろ
shoku, shiki, iro"
162,食,食,9,2,"eat, meal","ショク、（ジキ）、く-う、く-らう、た-べる
shoku, (jiki), ku-u, ku-rau, ta-beru"
163,心,心,4,2,heart,"シン、こころ
shin, kokoro"
164,新,斤,13,2,new,"シン、あたら-しい、あら-た、にい
shin, atara-shii, ara-ta, nii"
165,親,見,16,2,parent,"シン、おや、した-しい、した-しむ
shin, oya, shita-shii, shita-shimu"
166,図,囗,7,2,diagram,"ズ、ト、はか-る
zu, to, haka-ru"
167,数,攴,13,2,number,"スウ、（ス）、かず、かぞ-える
sū, (su), kazu, kazo-eru"
168,西,襾,6,2,west,"セイ、サイ、にし
sei, sai, nishi"
169,声,耳,7,2,voice,"セイ、（ショウ）、こえ、（こわ）
sei, (shō), koe, (kowa)"
170,星,日,9,2,star,"セイ、（ショウ）、ほし
sei, (shō), hoshi"
171,晴,日,12,2,clear up,"セイ、は-れる、は-らす
sei, ha-reru, ha-rasu"
172,切,刀,4,2,cut,"セツ、（サイ）、き-る、き-れる
setsu, (sai), ki-ru, ki-reru"
173,雪,雨,11,2,snow,"セツ、ゆき
setsu, yuki"
174,船,舟,11,2,boat,"セン、ふね、（ふな）
sen, fune, (funa)"
175,線,糸,15,2,line,"セン
sen"
176,前,刀,9,2,in front,"ゼン、まえ
zen, mae"
177,組,糸,11,2,association,"ソ、く-む、くみ
so, ku-mu, kumi"
178,走,走,7,2,run,"ソウ、はし-る
sō, hashi-ru"
179,多,夕,6,2,many,"タ、おお-い
ta, oo-i"
180,太,大,4,2,thick,"タイ、タ、ふと-い、ふと-る
tai, ta, futo-i, futo-ru"
181,体,骨,7,2,body,"タイ、テイ、からだ
tai, tei, karada"
182,台,至,5,2,pedestal,"ダイ、タイ
dai, tai"
183,地,土,6,2,ground,"チ、ジ
chi, ji"
184,池,水,6,2,pond,"チ、いけ
chi, ike"
185,知,矢,8,2,know,"チ、し-る
chi, shi-ru"
186,茶,艸,9,2,tea,"チャ、サ
cha, sa"
187,昼,日,9,2,daytime,"チュウ、ひる
chū, hiru"
188,長,長,8,2,long,"チョウ、なが-い
chō, naga-i"
189,鳥,鳥,11,2,bird,"チョウ、とり
chō, tori"
190,朝,月,12,2,morning,"チョウ、あさ
chō, asa"
191,直,目,8,2,straight,"チョク、ジキ、ただ-ちに、なお-す、なお-る
choku, jiki, tada-chini, nao-su, nao-ru"
192,通,辵,10,2,pass through,"ツウ、（ツ）、とお-る、とお-す、かよ-う
tsū, (tsu), too-ru, too-su, kayo-u"
193,弟,弓,7,2,younger brother,"テイ、（ダイ）、（デ）、おとうと
tei, (dai), (de), otōto"
194,店,广,8,2,shop,"テン、みせ
ten, mise"
195,点,黑,9,2,point,"テン
ten"
196,電,雨,13,2,electricity,"デン
den"
197,刀,刀,2,2,sword,"トウ、かたな
tō, katana"
198,冬,冫,5,2,winter,"トウ、ふゆ
tō, fuyu"
199,当,田,6,2,hit,"トウ、あ-たる、あ-てる
tō, a-taru, a-teru"
200,東,木,8,2,east,"トウ、ひがし
tō, higashi"
201,答,竹,12,2,answer,"トウ、こた-える、こた-え
tō, kota-eru, kota-e"
202,頭,頁,16,2,head,"トウ、ズ、（ト）、あたま、かしら
tō, zu, (to), atama, kashira"
203,同,口,6,2,same,"ドウ、おな-じ
dō, ona-ji"
204,道,辵,12,2,road,"ドウ、（トウ）、みち
dō, (tō), michi"
205,読,言,14,2,read,"ドク、トク、（トウ）、よ-む
doku, toku, (tō), yo-mu"
206,内,入,4,2,inside,"ナイ、（ダイ）、うち
nai, (dai), uchi"
207,南,十,9,2,south,"ナン、（ナ）、みなみ
nan, (na), minami"
208,肉,肉,6,2,meat,"ニク
niku"
209,馬,馬,10,2,horse,"バ、うま、（ま）
ba, uma, (ma)"
210,売,貝,7,2,sell,"バイ、う-る、う-れる
bai, u-ru, u-reru"
211,買,貝,12,2,buy,"バイ、か-う
bai, ka-u"
212,麦,麥,7,2,wheat,"バク、むぎ
baku, mugi"
213,半,十,5,2,half,"ハン、なか-ば
han, naka-ba"
214,番,田,12,2,one's turn,"バン
ban"
215,父,父,4,2,father,"フ、ちち
fu, chichi"
216,風,風,9,2,wind,"フウ、（フ）、かぜ、（かざ）
fū, (fu), kaze, (kaza)"
217,分,刀,4,2,"part, minute of time","ブン、フン、ブ、わ-ける、わ-かれる、わ-かる、わ-かつ
bun, fun, bu, wa-keru, wa-kareru, wa-karu, wa-katsu"
218,聞,耳,14,2,hear,"ブン、モン、き-く、き-こえる
bun, mon, ki-ku, ki-koeru"
219,米,米,6,2,rice,"ベイ、マイ、こめ
bei, mai, kome"
220,歩,止,8,2,walk,"ホ、ブ、（フ）、ある-く、あゆ-む
ho, bu, (fu), aru-ku, ayu-mu"
221,母,毋,5,2,mother,"ボ、はは
bo, haha"
222,方,方,4,2,direction,"ホウ、かた
hō, kata"
223,北,匕,5,2,north,"ホク、きた
hoku, kita"
224,毎,毋,6,2,every,"マイ
mai"
225,妹,女,8,2,younger sister,"マイ、いもうと
mai, imōto"
226,万,艸,3,2,ten thousand,"マン、バン
man, ban"
227,明,日,8,2,bright,"メイ、ミョウ、あ-かり、あか-るい、あか-るむ、あか-らむ、あき-らか、あ-ける、あ-く、あ-くる、あ-かす
mei, myō, a-kari, aka-rui, aka-rumu, aka-ramu, aki-raka, a-keru, a-ku, a-kuru, a-kasu"
228,鳴,鳥,14,2,chirp,"メイ、な-く、な-る、な-らす
mei, na-ku, na-ru, na-rasu"
229,毛,毛,4,2,hair,"モウ、け
mō, ke"
230,門,門,8,2,gates,"モン、かど
mon, kado"
231,夜,夕,8,2,night,"ヤ、よ、よる
ya, yo, yoru"
232,野,里,11,2,field,"ヤ、の
ya, no"
233,友,又,4,2,friend,"ユウ、とも
yū, tomo"
234,用,用,5,2,use,"ヨウ、もち-いる
yō, mochi-iru"
235,曜,日,18,2,day of the week,"ヨウ
yō"
236,来,人,7,2,come,"ライ、く-る、きた-る、きた-す
rai, ku-ru, kita-ru, kita-su"
237,里,里,7,2,village,"リ、さと
ri, sato"
238,理,玉,11,2,reason,"リ
ri"
239,話,言,13,2,talk,"ワ、はな-す、はなし
wa, hana-su, hanashi"
240,悪,心,11,3,bad,"アク、オ、わる-い
aku, o, waru-i"
241,安,宀,6,3,cheap,"アン、やす-い
an, yasu-i"
242,暗,日,13,3,dark,"アン、くら-い
an, kura-i"
243,医,酉,7,3,medicine,"イ
i"
244,委,女,8,3,committee,"イ、ゆだ-ねる
i, yuda-neru"
245,意,心,13,3,idea,"イ
i"
246,育,肉,8,3,nurture,"イク、そだ-つ、そだ-てる、はぐく-む
iku, soda-tsu, soda-teru, haguku-mu"
247,員,口,10,3,member,"イン
in"
248,院,阜,10,3,institution,"イン
in"
249,飲,食,12,3,drink,"イン、の-む
in, no-mu"
250,運,辵,12,3,carry,"ウン、はこ-ぶ
un, hako-bu"
251,泳,水,8,3,swim,"エイ、およ-ぐ
ei, oyo-gu"
252,駅,馬,14,3,station,"エキ
eki"
253,央,大,5,3,center,"オウ
ō"
254,横,木,15,3,side,"オウ、よこ
ō, yoko"
255,屋,尸,9,3,roof,"オク、や
oku, ya"
256,温,水,12,3,warm,"オン、あたた-か、あたた-かい、あたた-まる、あたた-める
on, atata-ka, atata-kai, atata-maru, atata-meru"
257,化,匕,4,3,change,"カ、ケ、ば-ける、ば-かす
ka, ke, ba-keru, ba-kasu"
258,荷,艸,10,3,luggage,"カ、に
ka, ni"
259,界,田,9,3,world,"カイ
kai"
260,開,門,12,3,open,"カイ、ひら-く、ひら-ける、あ-く、あ-ける
kai, hira-ku, hira-keru, a-ku, a-keru"
261,階,阜,12,3,floor of a building,"カイ
kai"
262,寒,宀,12,3,cold,"カン、さむ-い
kan, samu-i"
263,感,心,13,3,feeling,"カン
kan"
264,漢,水,13,3,China,"カン
kan"
265,館,食,16,3,public building,"カン、やかた
kan, yakata"
266,岸,山,8,3,beach,"ガン、きし
gan, kishi"
267,起,走,10,3,wake up,"キ、お-きる、お-こる、お-こす
ki, o-kiru, o-koru, o-kosu"
268,期,月,12,3,period of time,"キ、（ゴ）
ki, (go)"
269,客,宀,9,3,guest,"キャク、カク
kyaku, kaku"
270,究,穴,7,3,research,"キュウ、きわ-める
kyū, kiwa-meru"
271,急,心,9,3,hurry,"キュウ、いそ-ぐ
kyū, iso-gu"
272,級,糸,9,3,rank,"キュウ
kyū"
273,宮,宀,10,3,Shinto shrine,"キュウ、グウ、（ク）、みや
kyū, gū, (ku), miya"
274,球,玉,11,3,sphere,"キュウ、たま
kyū, tama"
275,去,厶,5,3,leave,"キョ、コ、さ-る
kyo, ko, sa-ru"
276,橋,木,16,3,bridge,"キョウ、はし
kyō, hashi"
277,業,木,13,3,business,"ギョウ、ゴウ、わざ
gyō, gō, waza"
278,曲,曰,6,3,musical composition,"キョク、ま-がる、ま-げる
kyoku, ma-garu, ma-geru"
279,局,尸,7,3,office,"キョク
kyoku"
280,銀,金,14,3,silver,"ギン
gin"
281,区,匸,4,3,ward,"ク
ku"
282,苦,艸,8,3,suffer,"ク、くる-しい、くる-しむ、くる-しめる、にが-い、にが-る
ku, kuru-shii, kuru-shimu, kuru-shimeru, niga-i, niga-ru"
283,具,八,8,3,tool,"グ
gu"
284,君,口,7,3,you,"クン、きみ
kun, kimi"
285,係,人,9,3,person in charge,"ケイ、かか-る、かかり
kei, kaka-ru, kakari"
286,軽,車,12,3,light,"ケイ、かる-い、かろ-やか
kei, karu-i, karo-yaka"
287,血,血,6,3,blood,"ケツ、ち
ketsu, chi"
288,決,水,7,3,decide,"ケツ、き-める、き-まる
ketsu, ki-meru, ki-maru"
289,研,石,9,3,sharpen,"ケン、と-ぐ
ken, to-gu"
290,県,糸,9,3,prefecture,"ケン
ken"
291,庫,广,10,3,warehouse,"コ、（ク）
ko, (ku)"
292,湖,水,12,3,lake,"コ、みずうみ
ko, mizūmi"
293,向,口,6,3,over there,"コウ、む-く、む-ける、む-かう、む-こう
kō, mu-ku, mu-keru, mu-kau, mu-kō"
294,幸,干,8,3,happiness,"コウ、さいわ-い、さち、しあわ-せ
kō, saiwa-i, sachi, shiawa-se"
295,港,水,12,3,harbor,"コウ、みなと
kō, minato"
296,号,虍,5,3,number,"ゴウ
gō"
297,根,木,10,3,root,"コン、ね
kon, ne"
298,祭,示,11,3,festival,"サイ、まつ-る、まつ-り
sai, matsu-ru, matsu-ri"
299,皿,皿,5,3,dish,"さら
sara"
300,仕,人,5,3,do,"シ、（ジ）、つか-える
shi, (ji), tsuka-eru"
301,死,歹,6,3,death,"シ、し-ぬ
shi, shi-nu"
302,使,人,8,3,use,"シ、つか-う
shi, tsuka-u"
303,始,女,8,3,begin,"シ、はじ-める、はじ-まる
shi, haji-meru, haji-maru"
304,指,手,9,3,finger,"シ、ゆび、さ-す
shi, yubi, sa-su"
305,歯,齒,12,3,tooth,"シ、は
shi, ha"
306,詩,言,13,3,poem,"シ
shi"
307,次,欠,6,3,next,"ジ、シ、つ-ぐ、つぎ
ji, shi, tsu-gu, tsugi"
308,事,亅,8,3,abstract thing,"ジ、（ズ）、こと
ji, (zu), koto"
309,持,手,9,3,hold,"ジ、も-つ
ji, mo-tsu"
310,式,弋,6,3,style,"シキ
shiki"
311,実,宀,8,3,truth,"ジツ、み、みの-る
jitsu, mi, mino-ru"
312,写,宀,5,3,copy,"シャ、うつ-す、うつ-る
sha, utsu-su, utsu-ru"
313,者,老,8,3,someone,"シャ、もの
sha, mono"
314,主,丶,5,3,master,"シュ、（ス）、ぬし、おも
shu, (su), nushi, omo"
315,守,宀,6,3,protect,"シュ、（ス）、まも-る、も-り
shu, (su), mamo-ru, mo-ri"
316,取,又,8,3,take,"シュ、と-る
shu, to-ru"
317,酒,酉,10,3,alcoholic drink,"シュ、さけ、（さか）
shu, sake, (saka)"
318,受,又,8,3,accept,"ジュ、う-ける、う-かる
ju, u-keru, u-karu"
319,州,巛,6,3,state,"シュウ、す
shū, su"
320,拾,手,9,3,pick up,"シュウ、ジュウ、ひろ-う
shū, jū, hiro-u"
321,終,糸,11,3,end,"シュウ、お-わる、お-える
shū, o-waru, o-eru"
322,習,羽,11,3,learn,"シュウ、なら-う
shū, nara-u"
323,集,隹,12,3,collect,"シュウ、あつ-まる、あつ-める、つど-う
shū, atsu-maru, atsu-meru, tsudo-u"
324,住,人,7,3,dwelling,"ジュウ、す-む、す-まう
jū, su-mu, su-mau"
325,重,里,9,3,heavy,"ジュウ、チョウ、え、おも-い、かさ-ねる、かさ-なる
jū, chō, e, omo-i, kasa-neru, kasa-naru"
326,宿,宀,11,3,inn,"シュク、やど、やど-る、やど-す
shuku, yado, yado-ru, yado-su"
327,所,戶,8,3,place,"ショ、ところ
sho, tokoro"
328,暑,日,12,3,hot,"ショ、あつ-い
sho, atsu-i"
329,助,力,7,3,help,"ジョ、たす-ける、たす-かる、すけ
jo, tasu-keru, tasu-karu, suke"
330,昭,日,9,3,shining,"ショウ
shō"
331,消,水,10,3,extinguish,"ショウ、き-える、け-す
shō, ki-eru, ke-su"
332,商,口,11,3,sell,"ショウ、あきな-う
shō, akina-u"
333,章,立,11,3,chapter,"ショウ
shō"
334,勝,力,12,3,win,"ショウ、か-つ、まさ-る
shō, ka-tsu, masa-ru"
335,乗,丿,9,3,ride,"ジョウ、の-る、の-せる
jō, no-ru, no-seru"
336,植,木,12,3,plant,"ショク、う-える、う-わる
shoku, u-eru, u-waru"
337,申,田,5,3,say,"シン、もう-す
shin, mō-su"
338,身,身,7,3,body,"シン、み
shin, mi"
339,神,示,9,3,god,"シン、ジン、かみ、（かん）、（こう）
shin, jin, kami, (kan), (kō)"
340,真,目,10,3,TRUE,"シン、ま
shin, ma"
341,深,水,11,3,deep,"シン、ふか-い、ふか-まる、ふか-める
shin, fuka-i, fuka-maru, fuka-meru"
342,進,辵,11,3,advance,"シン、すす-む、すす-める
shin, susu-mu, susu-meru"
343,世,一,5,3,world,"セイ、セ、よ
sei, se, yo"
344,整,攴,16,3,put in order,"セイ、ととの-える、ととの-う
sei, totono-eru, totono-u"
345,昔,日,8,3,long ago,"セキ、（シャク）、むかし
seki, (shaku), mukashi"
346,全,入,6,3,whole,"ゼン、まった-く、すべ-て
zen, matta-ku, sube-te"
347,相,目,9,3,mutual,"ソウ、ショウ、あい
sō, shō, ai"
348,送,辵,9,3,send,"ソウ、おく-る
sō, oku-ru"
349,想,心,13,3,concept,"ソウ、（ソ）
sō, (so)"
350,息,心,10,3,breath,"ソク、いき
soku, iki"
351,速,辵,10,3,fast,"ソク、はや-い、はや-める、はや-まる、すみ-やか
soku, haya-i, haya-meru, haya-maru, sumi-yaka"
352,族,方,11,3,tribe,"ゾク
zoku"
353,他,人,5,3,other,"タ、ほか
ta, hoka"
354,打,手,5,3,hit,"ダ、う-つ
da, u-tsu"
355,対,寸,7,3,opposite,"タイ、ツイ
tai, tsui"
356,待,彳,9,3,wait,"タイ、ま-つ
tai, ma-tsu"
357,代,人,5,3,substitute,"ダイ、タイ、か-わる、か-える、よ、しろ
dai, tai, ka-waru, ka-eru, yo, shiro"
358,第,竹,11,3,ordinal number prefix,"ダイ
dai"
359,題,頁,18,3,topic,"ダイ
dai"
360,炭,火,9,3,charcoal,"タン、すみ
tan, sumi"
361,短,矢,12,3,short,"タン、みじか-い
tan, mijika-i"
362,談,言,15,3,discuss,"ダン
dan"
363,着,羊,12,3,wear,"チャク、（ジャク）、き-る、き-せる、つ-く、つ-ける
chaku, (jaku), ki-ru, ki-seru, tsu-ku, tsu-keru"
364,注,水,8,3,pour,"チュウ、そそ-ぐ
chū, soso-gu"
365,柱,木,9,3,pillar,"チュウ、はしら
chū, hashira"
366,丁,一,2,3,ward,"チョウ、テイ
chō, tei"
367,帳,巾,11,3,account book,"チョウ
chō"
368,調,言,15,3,investigate,"チョウ、しら-べる、ととの-う、ととの-える
chō, shira-beru, totono-u, totono-eru"
369,追,辵,9,3,follow,"ツイ、お-う
tsui, o-u"
370,定,宀,8,3,decide,"テイ、ジョウ、さだ-める、さだ-まる、さだ-か
tei, jō, sada-meru, sada-maru, sada-ka"
371,庭,广,10,3,garden,"テイ、にわ
tei, niwa"
372,笛,竹,11,3,flute,"テキ、ふえ
teki, fue"
373,鉄,金,13,3,iron,"テツ
tetsu"
374,転,車,11,3,revolve,"テン、ころ-がる、ころ-げる、ころ-がす、ころ-ぶ
ten, koro-garu, koro-geru, koro-gasu, koro-bu"
375,都,邑,11,3,metropolis,"ト、ツ、みやこ
to, tsu, miyako"
376,度,广,9,3,degrees,"ド、（ト）、（タク）、たび
do, (to), (taku), tabi"
377,投,手,7,3,throw,"トウ、な-げる
tō, na-geru"
378,豆,豆,7,3,beans,"トウ、（ズ）、まめ
tō, (zu), mame"
379,島,山,10,3,island,"トウ、しま
tō, shima"
380,湯,水,12,3,hot water,"トウ、ゆ
tō, yu"
381,登,癶,12,3,climb,"トウ、ト、のぼ-る
tō, to, nobo-ru"
382,等,竹,12,3,class,"トウ、ひと-しい
tō, hito-shii"
383,動,力,11,3,move,"ドウ、うご-く、うご-かす
dō, ugo-ku, ugo-kasu"
384,童,立,12,3,juvenile,"ドウ、わらべ
dō, warabe"
385,農,辰,13,3,farming,"ノウ
nō"
386,波,水,8,3,wave,"ハ、なみ
ha, nami"
387,配,酉,10,3,distribute,"ハイ、くば-る
hai, kuba-ru"
388,倍,人,10,3,double,"バイ
bai"
389,箱,竹,15,3,box,"はこ
hako"
390,畑,田,9,3,farm,"はた、はたけ
hata, hatake"
391,発,癶,9,3,departure,"ハツ、ホツ
hatsu, hotsu"
392,反,又,4,3,anti-,"ハン、（ホン）、（タン）、そ-る、そ-らす
han, (hon), (tan), so-ru, so-rasu"
393,坂,土,7,3,slope,"ハン、さか
han, saka"
394,板,木,8,3,board,"ハン、バン、いた
han, ban, ita"
395,皮,皮,5,3,skin,"ヒ、かわ
hi, kawa"
396,悲,心,12,3,sad,"ヒ、かな-しい、かな-しむ
hi, kana-shii, kana-shimu"
397,美,羊,9,3,beauty,"ビ、うつく-しい
bi, utsuku-shii"
398,鼻,鼻,14,3,nose,"ビ、はな
bi, hana"
399,筆,竹,12,3,writing brush,"ヒツ、ふで
hitsu, fude"
400,氷,水,5,3,ice,"ヒョウ、こおり、ひ
hyō, koori, hi"
401,表,衣,8,3,express,"ヒョウ、おもて、あらわ-す、あらわ-れる
hyō, omote, arawa-su, arawa-reru"
402,秒,禾,9,3,second (part of time),"ビョウ
byō"
403,病,疒,10,3,sick,"ビョウ、（ヘイ）、や-む、やまい
byō, (hei), ya-mu, yamai"
404,品,口,9,3,article,"ヒン、しな
hin, shina"
405,負,貝,9,3,lose,"フ、ま-ける、ま-かす、お-う
fu, ma-keru, ma-kasu, o-u"
406,部,邑,11,3,part,"ブ
bu"
407,服,月,8,3,clothes,"フク
fuku"
408,福,示,13,3,luck,"フク
fuku"
409,物,牛,8,3,thing,"ブツ、モツ、もの
butsu, motsu, mono"
410,平,干,5,3,flat,"ヘイ、ビョウ、たい-ら、ひら
hei, byō, tai-ra, hira"
411,返,辵,7,3,return,"ヘン、かえ-す、かえ-る
hen, kae-su, kae-ru"
412,勉,力,10,3,exertion,"ベン
ben"
413,放,攴,8,3,release,"ホウ、はな-す、はな-つ、はな-れる、ほう-る
hō, hana-su, hana-tsu, hana-reru, hō-ru"
414,味,口,8,3,flavor,"ミ、あじ、あじ-わう
mi, aji, aji-wau"
415,命,口,8,3,fate,"メイ、ミョウ、いのち
mei, myō, inochi"
416,面,面,9,3,face,"メン、おも、おもて、つら
men, omo, omote, tsura"
417,問,口,11,3,question,"モン、と-う、と-い、（とん）
mon, to-u, to-i, (ton)"
418,役,彳,7,3,service,"ヤク、エキ
yaku, eki"
419,薬,艸,16,3,medicine,"ヤク、くすり
yaku, kusuri"
420,由,田,5,3,reason,"ユ、ユウ、（ユイ）、よし
yu, yū, (yui), yoshi"
421,油,水,8,3,oil,"ユ、あぶら
yu, abura"
422,有,月,6,3,have,"ユウ、ウ、あ-る
yū, u, a-ru"
423,遊,辵,12,3,play,"ユウ、（ユ）、あそ-ぶ
yū, (yu), aso-bu"
424,予,豕,4,3,in advance,"ヨ
yo"
425,羊,羊,6,3,sheep,"ヨウ、ひつじ
yō, hitsuji"
426,洋,水,9,3,ocean,"ヨウ
yō"
427,葉,艸,12,3,leaf,"ヨウ、は
yō, ha"
428,陽,阜,12,3,sunshine,"ヨウ
yō"
429,様,木,14,3,formal title,"ヨウ、さま
yō, sama"
430,落,艸,12,3,fall,"ラク、お-ちる、お-とす
raku, o-chiru, o-tosu"
431,流,水,10,3,stream,"リュウ、（ル）、なが-れる、なが-す
ryū, (ru), naga-reru, naga-su"
432,旅,方,10,3,trip,"リョ、たび
ryo, tabi"
433,両,入,6,3,both,"リョウ
ryō"
434,緑,糸,14,3,green,"リョク、（ロク）、みどり
ryoku, (roku), midori"
435,礼,示,5,3,thanks,"レイ、ライ
rei, rai"
436,列,刀,6,3,row,"レツ
retsu"
437,練,糸,14,3,practice,"レン、ね-る
ren, ne-ru"
438,路,足,13,3,road,"ロ、じ
ro, ji"
439,和,口,8,3,peace,"ワ、（オ）、やわ-らぐ、やわ-らげる、なご-む、なご-やか
wa, (o), yawa-ragu, yawa-rageru, nago-mu, nago-yaka"
440,愛,心,13,4,love,"アイ
ai"
441,案,木,10,4,plan,"アン
an"
442,以,人,5,4,by means of,"イ
i"
443,衣,衣,6,4,clothes,"イ、ころも
i, koromo"
444,位,人,7,4,rank,"イ、くらい
i, kurai"
445,囲,囗,7,4,surround,"イ、かこ-む、かこ-う
i, kako-mu, kako-u"
446,胃,肉,9,4,stomach,"イ
i"
447,印,卩,6,4,mark,"イン、しるし
in, shirushi"
448,英,艸,8,4,England,"エイ
ei"
449,栄,木,9,4,prosperity,"エイ、さか-える、は-え、は-える
ei, saka-eru, ha-e, ha-eru"
450,塩,鹵,13,4,salt,"エン、しお
en, shio"
451,億,人,15,4,hundred million,"オク
oku"
452,加,力,5,4,add,"カ、くわ-える、くわ-わる
ka, kuwa-eru, kuwa-waru"
453,果,木,8,4,fruit,"カ、は-たす、は-てる、は-て
ka, ha-tasu, ha-teru, ha-te"
454,貨,貝,11,4,freight,"カ
ka"
455,課,言,15,4,section,"カ
ka"
456,芽,艸,8,4,bud,"ガ、め
ga, me"
457,改,攴,7,4,reformation,"カイ、あらた-める、あらた-まる
kai, arata-meru, arata-maru"
458,械,木,11,4,contraption,"カイ
kai"
459,害,宀,10,4,harm,"ガイ
gai"
460,街,行,12,4,street,"ガイ、（カイ）、まち
gai, (kai), machi"
461,各,口,6,4,each,"カク、おのおの
kaku, onoono"
462,覚,見,12,4,memorize,"カク、おぼ-える、さ-ます、さ-める
kaku, obo-eru, sa-masu, sa-meru"
463,完,宀,7,4,perfect,"カン
kan"
464,官,宀,8,4,government official,"カン
kan"
465,管,竹,14,4,pipe,"カン、くだ
kan, kuda"
466,関,門,14,4,related,"カン、せき、かか-わる
kan, seki, kaka-waru"
467,観,見,18,4,observe,"カン
kan"
468,願,頁,19,4,request,"ガン、ねが-う
gan, nega-u"
469,希,巾,7,4,hope,"キ
ki"
470,季,子,8,4,seasons,"キ
ki"
471,紀,糸,9,4,chronicle,"キ
ki"
472,喜,口,12,4,rejoice,"キ、よろこ-ぶ
ki, yoroko-bu"
473,旗,方,14,4,national flag,"キ、はた
ki, hata"
474,器,口,15,4,container,"キ、うつわ
ki, utsuwa"
475,機,木,16,4,machine,"キ、はた
ki, hata"
476,議,言,20,4,deliberation,"ギ
gi"
477,求,水,7,4,request,"キュウ、もと-める
kyū, moto-meru"
478,泣,水,8,4,cry,"キュウ、な-く
kyū, na-ku"
479,救,攴,11,4,salvation,"キュウ、すく-う
kyū, suku-u"
480,給,糸,12,4,salary,"キュウ
kyū"
481,挙,手,10,4,raise,"キョ、あ-げる、あ-がる
kyo, a-geru, a-garu"
482,漁,水,14,4,fishing,"ギョ、リョウ
gyo, ryō"
483,共,八,6,4,together,"キョウ、とも
kyō, tomo"
484,協,十,8,4,cooperation,"キョウ
kyō"
485,鏡,金,19,4,mirror,"キョウ、かがみ
kyō, kagami"
486,競,立,20,4,compete,"キョウ、ケイ、きそ-う、せ-る
kyō, kei, kiso-u, se-ru"
487,極,木,12,4,poles,"キョク、ゴク、きわ-める、きわ-まる、きわ-み
kyoku, goku, kiwa-meru, kiwa-maru, kiwa-mi"
488,訓,言,10,4,instruction,"クン
kun"
489,軍,車,9,4,army,"グン
gun"
490,郡,邑,10,4,county,"グン
gun"
491,径,彳,8,4,diameter,"ケイ
kei"
492,型,土,9,4,model,"ケイ、かた
kei, kata"
493,景,日,12,4,scenery,"ケイ
kei"
494,芸,艸,7,4,art,"ゲイ
gei"
495,欠,缶,4,4,lack,"ケツ、か-ける、か-く
ketsu, ka-keru, ka-ku"
496,結,糸,12,4,tie,"ケツ、むす-ぶ、ゆ-う、ゆ-わえる
ketsu, musu-bu, yu-u, yu-waeru"
497,建,廴,9,4,build,"ケン、（コン）、た-てる、た-つ
ken, (kon), ta-teru, ta-tsu"
498,健,人,11,4,healthy,"ケン、すこ-やか
ken, suko-yaka"
499,験,馬,18,4,test,"ケン、（ゲン）
ken, (gen)"
500,固,囗,8,4,hard,"コ、かた-める、かた-まる、かた-い
ko, kata-meru, kata-maru, kata-i"
501,功,力,5,4,achievement,"コウ、（ク）
kō, (ku)"
502,好,女,6,4,like,"コウ、この-む、す-く
kō, kono-mu, su-ku"
503,候,人,10,4,climate,"コウ、そうろう
kō, sōrō"
504,航,舟,10,4,cruise,"コウ
kō"
505,康,广,11,4,health,"コウ
kō"
506,告,口,7,4,tell,"コク、つ-げる
koku, tsu-geru"
507,差,工,10,4,distinction,"サ、さ-す
sa, sa-su"
508,菜,艸,11,4,vegetable,"サイ、な
sai, na"
509,最,曰,12,4,most,"サイ、もっと-も
sai, motto-mo"
510,材,木,7,4,lumber,"ザイ
zai"
511,昨,日,9,4,previous,"サク
saku"
512,札,木,5,4,tag,"サツ、ふだ
satsu, fuda"
513,刷,刀,8,4,printing,"サツ、す-る
satsu, su-ru"
514,殺,殳,10,4,kill,"サツ、（サイ）、（セツ）、ころ-す
satsu, (sai), (setsu), koro-su"
515,察,宀,14,4,guess,"サツ
satsu"
516,参,厶,8,4,participate,"サン、まい-る
san, mai-ru"
517,産,生,11,4,give birth,"サン、う-む、う-まれる、うぶ
san, u-mu, u-mareru, ubu"
518,散,攴,12,4,scatter,"サン、ち-る、ち-らす、ち-らかす、ち-らかる
san, chi-ru, chi-rasu, chi-rakasu, chi-rakaru"
519,残,歹,10,4,remainder,"ザン、のこ-る、のこ-す
zan, noko-ru, noko-su"
520,士,士,3,4,gentleman,"シ
shi"
521,氏,氏,4,4,family name,"シ、うじ
shi, uji"
522,史,口,5,4,history,"シ
shi"
523,司,口,5,4,director,"シ
shi"
524,試,言,13,4,test,"シ、こころ-みる、ため-す
shi, kokoro-miru, tame-su"
525,児,儿,7,4,child,"ジ、（ニ）
ji, (ni)"
526,治,水,8,4,govern,"ジ、チ、おさ-める、おさ-まる、なお-る、なお-す
ji, chi, osa-meru, osa-maru, nao-ru, nao-su"
527,辞,辛,13,4,resign,"ジ、や-める
ji, ya-meru"
528,失,大,5,4,lose,"シツ、うしな-う
shitsu, ushina-u"
529,借,人,10,4,borrow,"シャク、か-りる
shaku, ka-riru"
530,種,禾,14,4,kind,"シュ、たね
shu, tane"
531,周,口,8,4,circumference,"シュウ、まわ-り
shū, mawa-ri"
532,祝,示,9,4,celebrate,"シュク、（シュウ）、いわ-う
shuku, (shū), iwa-u"
533,順,頁,12,4,obey,"ジュン
jun"
534,初,刀,7,4,first,"ショ、はじ-め、はじ-めて、はつ、うい、そ-める
sho, haji-me, haji-mete, hatsu, ui, so-meru"
535,松,木,8,4,pine,"ショウ、まつ
shō, matsu"
536,笑,竹,10,4,laugh,"ショウ、わら-う、え-む
shō, wara-u, e-mu"
537,唱,口,11,4,chant,"ショウ、とな-える
shō, tona-eru"
538,焼,火,12,4,bake,"ショウ、や-く、や-ける
shō, ya-ku, ya-keru"
539,象,豕,12,4,elephant,"ショウ、ゾウ
shō, zō"
540,照,火,13,4,illuminate,"ショウ、て-る、て-らす、て-れる
shō, te-ru, te-rasu, te-reru"
541,賞,貝,15,4,prize,"ショウ
shō"
542,臣,臣,7,4,retainer,"シン、ジン
shin, jin"
543,信,人,9,4,trust,"シン
shin"
544,成,戈,6,4,become,"セイ、（ジョウ）、な-る、な-す
sei, (jō), na-ru, na-su"
545,省,目,9,4,government ministry,"セイ、ショウ、かえり-みる、はぶ-く
sei, shō, kaeri-miru, habu-ku"
546,清,水,11,4,pure,"セイ、（ショウ）、きよ-い、きよ-まる、きよ-める
sei, (shō), kiyo-i, kiyo-maru, kiyo-meru"
547,静,靑,14,4,quiet,"セイ、（ジョウ）、しず、しず-か、しず-まる、しず-める
sei, (jō), shizu, shizu-ka, shizu-maru, shizu-meru"
548,席,巾,10,4,seat,"セキ
seki"
549,積,禾,16,4,accumulate,"セキ、つ-む、つ-もる
seki, tsu-mu, tsu-moru"
550,折,手,7,4,fold,"セツ、お-る、おり、お-れる
setsu, o-ru, ori, o-reru"
551,節,竹,13,4,node,"セツ、（セチ）、ふし
setsu, (sechi), fushi"
552,説,言,14,4,theory,"セツ、（ゼイ）、と-く
setsu, (zei), to-ku"
553,浅,水,9,4,shallow,"セン、あさ-い
sen, asa-i"
554,戦,戈,13,4,war,"セン、いくさ、たたか-う
sen, ikusa, tataka-u"
555,選,辵,15,4,choose,"セン、えら-ぶ
sen, era-bu"
556,然,火,12,4,so,"ゼン、ネン
zen, nen"
557,争,爪,6,4,conflict,"ソウ、あらそ-う
sō, araso-u"
558,倉,人,10,4,warehouse,"ソウ、くら
sō, kura"
559,巣,巛,11,4,nest,"ソウ、す
sō, su"
560,束,木,7,4,bundle,"ソク、たば
soku, taba"
561,側,人,11,4,side,"ソク、がわ
soku, gawa"
562,続,糸,13,4,continue,"ゾク、つづ-く、つづ-ける
zoku, tsuzu-ku, tsuzu-keru"
563,卒,十,8,4,graduate,"ソツ
sotsu"
564,孫,子,10,4,grandchild,"ソン、まご
son, mago"
565,帯,巾,10,4,sash,"タイ、お-びる、おび
tai, o-biru, obi"
566,隊,阜,12,4,group,"タイ
tai"
567,達,辵,12,4,attain,"タツ
tatsu"
568,単,口,9,4,simple,"タン
tan"
569,置,网,13,4,put,"チ、お-く
chi, o-ku"
570,仲,人,6,4,relationship,"チュウ、なか
chū, naka"
571,貯,貝,12,4,savings,"チョ
cho"
572,兆,儿,6,4,"portent, trillion","チョウ、きざ-す、きざ-し
chō, kiza-su, kiza-shi"
573,腸,肉,13,4,intestines,"チョウ
chō"
574,低,人,7,4,low,"テイ、ひく-い、ひく-める、ひく-まる
tei, hiku-i, hiku-meru, hiku-maru"
575,底,广,8,4,bottom,"テイ、そこ
tei, soko"
576,停,人,11,4,halt,"テイ
tei"
577,的,白,8,4,target,"テキ、まと
teki, mato"
578,典,八,8,4,code,"テン
ten"
579,伝,人,6,4,transmit,"デン、つた-わる、つた-える、つた-う
den, tsuta-waru, tsuta-eru, tsuta-u"
580,徒,彳,10,4,junior,"ト
to"
581,努,力,7,4,toil,"ド、つと-める
do, tsuto-meru"
582,灯,火,6,4,lamp,"トウ、ひ
tō, hi"
583,堂,土,11,4,public chamber,"ドウ
dō"
584,働,人,13,4,work,"ドウ、はたら-く
dō, hatara-ku"
585,特,牛,10,4,special,"トク
toku"
586,得,彳,11,4,acquire,"トク、え-る、う-る
toku, e-ru, u-ru"
587,毒,毋,8,4,poison,"ドク
doku"
588,熱,火,15,4,heat,"ネツ、あつ-い
netsu, atsu-i"
589,念,心,8,4,thought,"ネン
nen"
590,敗,攴,11,4,failure,"ハイ、やぶ-れる
hai, yabu-reru"
591,梅,木,10,4,ume (Japanese apricot),"バイ、うめ
bai, ume"
592,博,十,12,4,Dr.,"ハク、（バク）
haku, (baku)"
593,飯,食,12,4,meal,"ハン、めし
han, meshi"
594,飛,飛,9,4,fly,"ヒ、と-ぶ、と-ばす
hi, to-bu, to-basu"
595,費,貝,12,4,expense,"ヒ、つい-やす、つい-える
hi, tsui-yasu, tsui-eru"
596,必,心,5,4,without fail,"ヒツ、かなら-ず
hitsu, kanara-zu"
597,票,示,11,4,ballot,"ヒョウ
hyō"
598,標,木,15,4,signpost,"ヒョウ
hyō"
599,不,一,4,4,non-,"フ、ブ
fu, bu"
600,夫,大,4,4,husband,"フ、（フウ）、おっと
fu, (fū), otto"
601,付,人,5,4,attach,"フ、つ-ける、つ-く
fu, tsu-keru, tsu-ku"
602,府,广,8,4,urban prefecture,"フ
fu"
603,副,刀,11,4,vice,"フク
fuku"
604,粉,米,10,4,flour,"フン、こ、こな
fun, ko, kona"
605,兵,八,7,4,soldier,"ヘイ、ヒョウ
hei, hyō"
606,別,刀,7,4,separate,"ベツ、わか-れる
betsu, waka-reru"
607,辺,辵,5,4,environs,"ヘン、あた-り、べ
hen, ata-ri, be"
608,変,言,9,4,change,"ヘン、か-わる、か-える
hen, ka-waru, ka-eru"
609,便,人,9,4,convenience,"ベン、ビン、たよ-り
ben, bin, tayo-ri"
610,包,勹,5,4,wrap,"ホウ、つつ-む
hō, tsutsu-mu"
611,法,水,8,4,method,"ホウ、（ハッ）、（ホッ）
hō, (ha'), (ho')"
612,望,月,11,4,hope,"ボウ、モウ、のぞ-む
bō, mō, nozo-mu"
613,牧,牛,8,4,breed,"ボク、まき
boku, maki"
614,末,木,5,4,end,"マツ、バツ、すえ
matsu, batsu, sue"
615,満,水,12,4,full,"マン、み-ちる、み-たす
man, mi-chiru, mi-tasu"
616,未,木,5,4,not yet,"ミ
mi"
617,脈,肉,10,4,vein,"ミャク
myaku"
618,民,氏,5,4,people,"ミン、たみ
min, tami"
619,無,火,12,4,nothing,"ム、ブ、な-い
mu, bu, na-i"
620,約,糸,9,4,promise,"ヤク
yaku"
621,勇,力,9,4,courage,"ユウ、いさ-む
yū, isa-mu"
622,要,襾,9,4,need,"ヨウ、かなめ、い-る
yō, kaname, i-ru"
623,養,食,15,4,foster,"ヨウ、やしな-う
yō, yashina-u"
624,浴,水,10,4,bathe,"ヨク、あ-びる、あ-びせる
yoku, a-biru, a-biseru"
625,利,刀,7,4,profit,"リ、き-く
ri, ki-ku"
626,陸,阜,11,4,land,"リク
riku"
627,良,艮,7,4,good,"リョウ、よ-い
ryō, yo-i"
628,料,斗,10,4,fee,"リョウ
ryō"
629,量,里,12,4,quantity,"リョウ、はか-る
ryō, haka-ru"
630,輪,車,15,4,wheel,"リン、わ
rin, wa"
631,類,頁,18,4,sort,"ルイ、たぐ-い
rui, tagu-i"
632,令,人,5,4,orders,"レイ
rei"
633,冷,冫,7,4,cool,"レイ、つめ-たい、ひ-える、ひ-や、ひ-やす、ひ-やかす、さ-める、さ-ます
rei, tsume-tai, hi-eru, hi-ya, hi-yasu, hi-yakasu, sa-meru, sa-masu"
634,例,人,8,4,example,"レイ、たと-える
rei, tato-eru"
635,歴,止,14,4,curriculum,"レキ
reki"
636,連,辵,10,4,take along,"レン、つら-なる、つら-ねる、つ-れる
ren, tsura-naru, tsura-neru, tsu-reru"
637,老,老,6,4,old man,"ロウ、お-いる、ふ-ける
rō, o-iru, fu-keru"
638,労,力,7,4,labour,"ロウ
rō"
639,録,金,16,4,record,"ロク
roku"
640,圧,土,5,5,pressure,"アツ
atsu"
641,移,禾,11,5,shift,"イ、うつ-る、うつ-す
i, utsu-ru, utsu-su"
642,因,囗,6,5,cause,"イン、よ-る
in, yo-ru"
643,永,水,5,5,eternity,"エイ、なが-い
ei, naga-i"
644,営,火,12,5,manage,"エイ、いとな-む
ei, itona-mu"
645,衛,行,16,5,defense,"エイ
ei"
646,易,日,8,5,easy,"エキ、イ、やさ-しい
eki, i, yasa-shii"
647,益,皿,10,5,benefit,"エキ、（ヤク）
eki, (yaku)"
648,液,水,11,5,fluid,"エキ
eki"
649,演,水,14,5,perform,"エン
en"
650,応,心,7,5,respond,"オウ、こた-える
ō, kota-eru"
651,往,彳,8,5,outward journey,"オウ
ō"
652,桜,木,10,5,cherry tree,"オウ、さくら
ō, sakura"
653,恩,心,10,5,grace,"オン
on"
654,可,口,5,5,possible,"カ
ka"
655,仮,人,6,5,temporary,"カ、（ケ）、かり
ka, (ke), kari"
656,価,人,8,5,value,"カ、あたい
ka, atai"
657,河,水,8,5,river,"カ、かわ
ka, kawa"
658,過,辵,12,5,go beyond,"カ、す-ぎる、す-ごす、あやま-つ、あやま-ち
ka, su-giru, su-gosu, ayama-tsu, ayama-chi"
659,賀,貝,12,5,congratulations,"ガ
ga"
660,快,心,7,5,cheerful,"カイ、こころよ-い
kai, kokoroyo-i"
661,解,角,13,5,untie,"カイ、ゲ、と-く、と-かす、と-ける
kai, ge, to-ku, to-kasu, to-keru"
662,格,木,10,5,status,"カク、（コウ）
kaku, (kō)"
663,確,石,15,5,certain,"カク、たし-か、たし-かめる
kaku, tashi-ka, tashi-kameru"
664,額,頁,18,5,amount,"ガク、ひたい
gaku, hitai"
665,刊,刀,5,5,publish,"カン
kan"
666,幹,干,13,5,tree-trunk,"カン、みき
kan, miki"
667,慣,心,14,5,accustomed,"カン、な-れる、な-らす
kan, na-reru, na-rasu"
668,眼,目,11,5,eyeball,"ガン、（ゲン）、まなこ
gan, (gen), manako"
669,基,土,11,5,foundation,"キ、もと、もとい
ki, moto, motoi"
670,寄,宀,11,5,approach,"キ、よ-る、よ-せる
ki, yo-ru, yo-seru"
671,規,見,11,5,rule,"キ
ki"
672,技,手,7,5,skill,"ギ、わざ
gi, waza"
673,義,羊,13,5,righteousness,"ギ
gi"
674,逆,辵,9,5,inverted,"ギャク、さか、さか-らう
gyaku, saka, saka-rau"
675,久,丿,3,5,long time,"キュウ、（ク）、ひさ-しい
kyū, (ku), hisa-shii"
676,旧,臼,5,5,old times,"キュウ
kyū"
677,居,尸,8,5,reside,"キョ、い-る
kyo, i-ru"
678,許,言,11,5,permit,"キョ、ゆる-す
kyo, yuru-su"
679,境,土,14,5,boundary,"キョウ、（ケイ）、さかい
kyō, (kei), sakai"
680,均,土,7,5,level,"キン
kin"
681,禁,示,13,5,prohibition,"キン
kin"
682,句,口,5,5,phrase,"ク
ku"
683,群,羊,13,5,flock,"グン、む-れる、む-れ、（むら）
gun, mu-reru, mu-re, (mura)"
684,経,糸,11,5,manage,"ケイ、キョウ、へ-る
kei, kyō, he-ru"
685,潔,水,15,5,undefiled,"ケツ、いさぎよ-い
ketsu, isagiyo-i"
686,件,人,6,5,affair,"ケン
ken"
687,券,刀,8,5,ticket,"ケン
ken"
688,険,阜,11,5,precipitous,"ケン、けわ-しい
ken, kewa-shii"
689,検,木,12,5,examine,"ケン
ken"
690,限,阜,9,5,limit,"ゲン、かぎ-る
gen, kagi-ru"
691,現,玉,11,5,appear,"ゲン、あらわ-れる、あらわ-す
gen, arawa-reru, arawa-su"
692,減,水,12,5,decrease,"ゲン、へ-る、へ-らす
gen, he-ru, he-rasu"
693,故,攴,9,5,circumstances,"コ、ゆえ
ko, yue"
694,個,人,10,5,individual,"コ
ko"
695,護,言,20,5,safeguard,"ゴ
go"
696,効,力,8,5,effect,"コウ、き-く
kō, ki-ku"
697,厚,厂,9,5,thick,"コウ、あつ-い
kō, atsu-i"
698,耕,耒,10,5,till,"コウ、たがや-す
kō, tagaya-su"
699,鉱,金,13,5,mineral,"コウ
kō"
700,構,木,14,5,construct,"コウ、かま-える、かま-う
kō, kama-eru, kama-u"
701,興,臼,16,5,entertain,"コウ、キョウ、おこ-る、おこ-す
kō, kyō, oko-ru, oko-su"
702,講,言,17,5,lecture,"コウ
kō"
703,混,水,11,5,mix,"コン、ま-じる、ま-ざる、ま-ぜる、こ-む
kon, ma-jiru, ma-zaru, ma-zeru, ko-mu"
704,査,木,9,5,investigate,"サ
sa"
705,再,冂,6,5,again,"サイ、（サ）、ふたた-び
sai, (sa), futata-bi"
706,災,火,7,5,disaster,"サイ、わざわ-い
sai, wazawa-i"
707,妻,女,8,5,wife,"サイ、つま
sai, tsuma"
708,採,手,11,5,pick,"サイ、と-る
sai, to-ru"
709,際,阜,14,5,occasion,"サイ、きわ
sai, kiwa"
710,在,土,6,5,exist,"ザイ、あ-る
zai, a-ru"
711,財,貝,10,5,wealth,"ザイ、（サイ）
zai, (sai)"
712,罪,网,13,5,guilt,"ザイ、つみ
zai, tsumi"
713,雑,隹,14,5,miscellaneous,"ザツ、ゾウ
zatsu, zō"
714,酸,酉,14,5,acid,"サン、す-い
san, su-i"
715,賛,貝,15,5,approve,"サン
san"
716,支,支,4,5,branch,"シ、ささ-える
shi, sasa-eru"
717,志,心,7,5,intention,"シ、こころざ-す、こころざし
shi, kokoroza-su, kokorozashi"
718,枝,木,8,5,branch,"シ、えだ
shi, eda"
719,師,巾,10,5,expert,"シ
shi"
720,資,貝,13,5,resources,"シ
shi"
721,飼,食,13,5,domesticate,"シ、か-う
shi, ka-u"
722,示,示,5,5,indicate,"ジ、シ、しめ-す
ji, shi, shime-su"
723,似,人,7,5,becoming,"ジ、に-る
ji, ni-ru"
724,識,言,19,5,discriminating,"シキ
shiki"
725,質,貝,15,5,quality,"シツ、シチ、（チ）
shitsu, shichi, (chi)"
726,舎,舌,8,5,cottage,"シャ
sha"
727,謝,言,17,5,apologize,"シャ、あやま-る
sha, ayama-ru"
728,授,手,11,5,instruct,"ジュ、さず-ける、さず-かる
ju, sazu-keru, sazu-karu"
729,修,人,10,5,discipline,"シュウ、（シュ）、おさ-める、おさ-まる
shū, (shu), osa-meru, osa-maru"
730,述,辵,8,5,mention,"ジュツ、の-べる
jutsu, no-beru"
731,術,行,11,5,art,"ジュツ
jutsu"
732,準,水,13,5,standard,"ジュン
jun"
733,序,广,7,5,preface,"ジョ
jo"
734,招,手,8,5,beckon,"ショウ、まね-く
shō, mane-ku"
735,承,手,8,5,acquiesce,"ショウ、うけたまわ-る
shō, uketamawa-ru"
736,証,言,12,5,evidence,"ショウ
shō"
737,条,木,7,5,clause,"ジョウ
jō"
738,状,犬,7,5,form,"ジョウ
jō"
739,常,巾,11,5,normal,"ジョウ、つね、とこ
jō, tsune, toko"
740,情,心,11,5,feelings,"ジョウ、（セイ）、なさ-け
jō, (sei), nasa-ke"
741,織,糸,18,5,weave,"ショク、シキ、お-る
shoku, shiki, o-ru"
742,職,耳,18,5,employment,"ショク
shoku"
743,制,刀,8,5,control,"セイ
sei"
744,性,心,8,5,gender,"セイ、ショウ
sei, shō"
745,政,攴,9,5,politics,"セイ、（ショウ）、まつりごと
sei, (shō), matsurigoto"
746,勢,力,13,5,power,"セイ、いきお-い
sei, ikio-i"
747,精,米,14,5,refined,"セイ、（ショウ）
sei, (shō)"
748,製,衣,14,5,manufacture,"セイ
sei"
749,税,禾,12,5,tax,"ゼイ
zei"
750,責,貝,11,5,blame,"セキ、せ-める
seki, se-meru"
751,績,糸,17,5,exploits,"セキ
seki"
752,接,手,11,5,contact,"セツ、つ-ぐ
setsu, tsu-gu"
753,設,言,11,5,establish,"セツ、もう-ける
setsu, mō-keru"
754,舌,舌,6,5,tongue,"ゼツ、した
zetsu, shita"
755,絶,糸,12,5,discontinue,"ゼツ、た-える、た-やす、た-つ
zetsu, ta-eru, ta-yasu, ta-tsu"
756,銭,金,14,5,coin,"セン、ぜに
sen, zeni"
757,祖,示,9,5,ancestor,"ソ
so"
758,素,糸,10,5,elementary,"ソ、ス
so, su"
759,総,糸,14,5,whole,"ソウ
sō"
760,造,辵,10,5,create,"ゾウ、つく-る
zō, tsuku-ru"
761,像,人,14,5,statue,"ゾウ
zō"
762,増,土,14,5,increase,"ゾウ、ま-す、ふ-える、ふ-やす
zō, ma-su, fu-eru, fu-yasu"
763,則,刀,9,5,rule,"ソク
soku"
764,測,水,12,5,fathom,"ソク、はか-る
soku, haka-ru"
765,属,尸,12,5,belong,"ゾク
zoku"
766,率,玄,11,5,rate,"ソツ、リツ、ひき-いる
sotsu, ritsu, hiki-iru"
767,損,手,13,5,loss,"ソン、そこ-なう、そこ-ねる
son, soko-nau, soko-neru"
768,退,辵,9,5,retreat,"タイ、しりぞ-く、しりぞ-ける
tai, shirizo-ku, shirizo-keru"
769,貸,貝,12,5,lend,"タイ、か-す
tai, ka-su"
770,態,心,14,5,condition,"タイ
tai"
771,団,囗,6,5,group,"ダン、（トン）
dan, (ton)"
772,断,斤,11,5,cut off,"ダン、た-つ、ことわ-る
dan, ta-tsu, kotowa-ru"
773,築,竹,16,5,fabricate,"チク、きず-く
chiku, kizu-ku"
774,張,弓,11,5,stretch,"チョウ、は-る
chō, ha-ru"
775,提,手,12,5,present,"テイ、さ-げる
tei, sa-geru"
776,程,禾,12,5,extent,"テイ、ほど
tei, hodo"
777,適,辵,14,5,suitable,"テキ
teki"
778,敵,攴,15,5,enemy,"テキ、かたき
teki, kataki"
779,統,糸,12,5,unite,"トウ、す-べる
tō, su-beru"
780,銅,金,14,5,copper,"ドウ
dō"
781,導,寸,15,5,guide,"ドウ、みちび-く
dō, michibi-ku"
782,徳,彳,14,5,benevolence,"トク
toku"
783,独,犬,9,5,alone,"ドク、ひと-り
doku, hito-ri"
784,任,人,6,5,responsibility,"ニン、まか-せる、まか-す
nin, maka-seru, maka-su"
785,燃,火,16,5,burn,"ネン、も-える、も-やす、も-す
nen, mo-eru, mo-yasu, mo-su"
786,能,肉,10,5,ability,"ノウ
nō"
787,破,石,10,5,rend,"ハ、やぶ-る、やぶ-れる
ha, yabu-ru, yabu-reru"
788,犯,犬,5,5,crime,"ハン、おか-す
han, oka-su"
789,判,刀,7,5,judge,"ハン、バン
han, ban"
790,版,片,8,5,printing block,"ハン
han"
791,比,比,4,5,compare,"ヒ、くら-べる
hi, kura-beru"
792,肥,肉,8,5,fertilizer,"ヒ、こ-える、こえ、こ-やす、こ-やし
hi, ko-eru, koe, ko-yasu, ko-yashi"
793,非,非,8,5,negative,"ヒ
hi"
794,備,人,12,5,provide,"ビ、そな-える、そな-わる
bi, sona-eru, sona-waru"
795,俵,人,10,5,bag,"ヒョウ、たわら
hyō, tawara"
796,評,言,12,5,evaluate,"ヒョウ
hyō"
797,貧,貝,11,5,poor,"ヒン、ビン、まず-しい
hin, bin, mazu-shii"
798,布,巾,5,5,linen,"フ、ぬの
fu, nuno"
799,婦,女,11,5,lady,"フ
fu"
800,富,宀,12,5,rich,"フ、（フウ）、と-む、とみ
fu, (fū), to-mu, tomi"
801,武,止,8,5,military,"ブ、ム
bu, mu"
802,復,彳,12,5,again,"フク
fuku"
803,複,衣,14,5,duplicate,"フク
fuku"
804,仏,人,4,5,Buddha,"ブツ、ほとけ
butsu, hotoke"
805,編,糸,15,5,compile,"ヘン、あ-む
hen, a-mu"
806,弁,"辛
瓜
辛",5,5,valve,"ベン
ben"
807,保,人,9,5,preserve,"ホ、たも-つ
ho, tamo-tsu"
808,墓,土,13,5,grave,"ボ、はか
bo, haka"
809,報,土,12,5,report,"ホウ、むく-いる
hō, muku-iru"
810,豊,豆,13,5,bountiful,"ホウ、ゆた-か
hō, yuta-ka"
811,防,阜,7,5,prevent,"ボウ、ふせ-ぐ
bō, fuse-gu"
812,貿,貝,12,5,trade,"ボウ
bō"
813,暴,日,15,5,outburst,"ボウ、（バク）、あば-く、あば-れる
bō, (baku), aba-ku, aba-reru"
814,務,力,11,5,duty,"ム、つと-める、つと-まる
mu, tsuto-meru, tsuto-maru"
815,夢,夕,13,5,dream,"ム、ゆめ
mu, yume"
816,迷,辵,9,5,astray,"メイ、まよ-う
mei, mayo-u"
817,綿,糸,14,5,cotton,"メン、わた
men, wata"
818,輸,車,16,5,transport,"ユ
yu"
819,余,食,7,5,leave over,"ヨ、あま-る、あま-す
yo, ama-ru, ama-su"
820,預,頁,13,5,deposit,"ヨ、あず-ける、あず-かる
yo, azu-keru, azu-karu"
821,容,宀,10,5,contain,"ヨウ
yō"
822,略,田,11,5,abbreviation,"リャク
ryaku"
823,留,田,10,5,detain,"リュウ、（ル）、と-める、と-まる
ryū, (ru), to-meru, to-maru"
824,領,頁,14,5,territory,"リョウ
ryō"
825,異,田,11,6,uncommon,"イ、こと
i, koto"
826,遺,辵,15,6,bequeath,"イ、（ユイ）
i, (yui)"
827,域,土,11,6,range,"イキ
iki"
828,宇,宀,6,6,eaves,"ウ
u"
829,映,日,9,6,reflect,"エイ、うつ-る、うつ-す、は-える
ei, utsu-ru, utsu-su, ha-eru"
830,延,廴,8,6,prolong,"エン、の-びる、の-べる、の-ばす
en, no-biru, no-beru, no-basu"
831,沿,水,8,6,run alongside,"エン、そ-う
en, so-u"
832,我,戈,7,6,ego,"ガ、われ、わ
ga, ware, wa"
833,灰,火,6,6,ashes,"カイ、はい
kai, hai"
834,拡,手,8,6,broaden,"カク
kaku"
835,革,革,9,6,leather,"カク、かわ
kaku, kawa"
836,閣,門,14,6,tall,"カク
kaku"
837,割,刀,12,6,divide,"カツ、わ-る、わり、わ-れる、さ-く
katsu, wa-ru, wari, wa-reru, sa-ku"
838,株,木,10,6,stocks,"かぶ
kabu"
839,干,干,3,6,dry,"カン、ほ-す、ひ-る
kan, ho-su, hi-ru"
840,巻,卩,9,6,scroll,"カン、ま-く、まき
kan, ma-ku, maki"
841,看,目,9,6,watch over,"カン
kan"
842,簡,竹,18,6,simplicity,"カン
kan"
843,危,卩,6,6,dangerous,"キ、あぶ-ない、あや-うい、あや-ぶむ
ki, abu-nai, aya-ui, aya-bumu"
844,机,木,6,6,desk,"キ、つくえ
ki, tsukue"
845,揮,手,12,6,brandish,"キ
ki"
846,貴,貝,12,6,precious,"キ、たっと-い、とうと-い、たっと-ぶ、とうと-ぶ
ki, tatto-i, tōto-i, tatto-bu, tōto-bu"
847,疑,疋,14,6,doubt,"ギ、うたが-う
gi, utaga-u"
848,吸,口,6,6,suck,"キュウ、す-う
kyū, su-u"
849,供,人,8,6,offer,"キョウ、（ク）、そな-える、とも
kyō, (ku), sona-eru, tomo"
850,胸,肉,10,6,bosom,"キョウ、むね、（むな）
kyō, mune, (muna)"
851,郷,邑,11,6,home town,"キョウ、ゴウ
kyō, gō"
852,勤,力,12,6,diligence,"キン、（ゴン）、つと-める、つと-まる
kin, (gon), tsuto-meru, tsuto-maru"
853,筋,竹,12,6,muscle,"キン、すじ
kin, suji"
854,系,糸,7,6,lineage,"ケイ
kei"
855,敬,攴,12,6,respect,"ケイ、うやま-う
kei, uyama-u"
856,警,言,19,6,guard against,"ケイ
kei"
857,劇,刀,15,6,drama,"ゲキ
geki"
858,激,水,16,6,violent,"ゲキ、はげ-しい
geki, hage-shii"
859,穴,穴,5,6,hole,"ケツ、あな
ketsu, ana"
860,絹,糸,13,6,silk,"ケン、きぬ
ken, kinu"
861,権,木,15,6,rights,"ケン、（ゴン）
ken, (gon)"
862,憲,心,16,6,constitution,"ケン
ken"
863,源,水,13,6,origin,"ゲン、みなもと
gen, minamoto"
864,厳,口,17,6,strict,"ゲン、（ゴン）、おごそ-か、きび-しい
gen, (gon), ogoso-ka, kibi-shii"
865,己,己,3,6,self,"コ、キ、おのれ
ko, ki, onore"
866,呼,口,8,6,call,"コ、よ-ぶ
ko, yo-bu"
867,誤,言,14,6,mistake,"ゴ、あやま-る
go, ayama-ru"
868,后,口,6,6,empress,"コウ
kō"
869,孝,子,7,6,filial piety,"コウ
kō"
870,皇,白,9,6,emperor,"コウ、オウ
kō, ō"
871,紅,糸,9,6,deep red,"コウ、（ク）、べに、くれない
kō, (ku), beni, kurenai"
872,降,阜,10,6,descend,"コウ、お-りる、お-ろす、ふ-る
kō, o-riru, o-rosu, fu-ru"
873,鋼,金,16,6,steel,"コウ、はがね
kō, hagane"
874,刻,刀,8,6,engrave,"コク、きざ-む
koku, kiza-mu"
875,穀,禾,14,6,cereals,"コク
koku"
876,骨,骨,10,6,bone,"コツ、ほね
kotsu, hone"
877,困,囗,7,6,become distressed,"コン、こま-る
kon, koma-ru"
878,砂,石,9,6,sand,"サ、シャ、すな
sa, sha, suna"
879,座,广,10,6,sit,"ザ、すわ-る
za, suwa-ru"
880,済,水,11,6,settle,"サイ、す-む、す-ます
sai, su-mu, su-masu"
881,裁,衣,12,6,judge,"サイ、た-つ、さば-く
sai, ta-tsu, saba-ku"
882,策,竹,12,6,scheme,"サク
saku"
883,冊,冂,5,6,counter for books,"サツ、サク
satsu, saku"
884,蚕,虫,10,6,silkworm,"サン、かいこ
san, kaiko"
885,至,至,6,6,climax,"シ、いた-る
shi, ita-ru"
886,私,禾,7,6,me,"シ、わたくし、わたし
shi, watakushi, watashi"
887,姿,女,9,6,figure,"シ、すがた
shi, sugata"
888,視,見,11,6,look at,"シ
shi"
889,詞,言,12,6,poetry,"シ
shi"
890,誌,言,14,6,document,"シ
shi"
891,磁,石,14,6,magnet,"ジ
ji"
892,射,寸,10,6,shoot,"シャ、い-る
sha, i-ru"
893,捨,手,11,6,throw away,"シャ、す-てる
sha, su-teru"
894,尺,尸,4,6,shaku,"シャク
shaku"
895,若,艸,8,6,young,"ジャク、（ニャク）、わか-い、も-しくは
jaku, (nyaku), waka-i, mo-shikuha"
896,樹,木,16,6,trees,"ジュ
ju"
897,収,攴,4,6,take in,"シュウ、おさ-める、おさ-まる
shū, osa-meru, osa-maru"
898,宗,宀,8,6,religion,"シュウ、ソウ
shū, sō"
899,就,尢,12,6,concerning,"シュウ、（ジュ）、つ-く、つ-ける
shū, (ju), tsu-ku, tsu-keru"
900,衆,血,12,6,masses,"シュウ、（シュ）
shū, (shu)"
901,従,彳,10,6,obey,"ジュウ、（ショウ）、（ジュ）、したが-う、したが-える
jū, (shō), (ju), shitaga-u, shitaga-eru"
902,縦,糸,16,6,vertical,"ジュウ、たて
jū, tate"
903,縮,糸,17,6,shrink,"シュク、ちぢ-む、ちぢ-まる、ちぢ-める、ちぢ-れる、ちぢ-らす
shuku, chiji-mu, chiji-maru, chiji-meru, chiji-reru, chiji-rasu"
904,熟,火,15,6,ripen,"ジュク、う-れる
juku, u-reru"
905,純,糸,10,6,genuine,"ジュン
jun"
906,処,虍,5,6,dispose,"ショ
sho"
907,署,网,13,6,government office,"ショ
sho"
908,諸,言,15,6,various,"ショ
sho"
909,除,阜,10,6,exclude,"ジョ、（ジ）、のぞ-く
jo, (ji), nozo-ku"
910,将,寸,10,6,leader,"ショウ
shō"
911,傷,人,13,6,wound,"ショウ、きず、いた-む、いた-める
shō, kizu, ita-mu, ita-meru"
912,障,阜,14,6,hurt,"ショウ、さわ-る
shō, sawa-ru"
913,城,土,9,6,castle,"ジョウ、しろ
jō, shiro"
914,蒸,艸,13,6,steam,"ジョウ、む-す、む-れる、む-らす
jō, mu-su, mu-reru, mu-rasu"
915,針,金,10,6,needle,"シン、はり
shin, hari"
916,仁,人,4,6,humanity,"ジン、（ニ）
jin, (ni)"
917,垂,土,8,6,droop,"スイ、た-れる、た-らす
sui, ta-reru, ta-rasu"
918,推,手,11,6,infer,"スイ、お-す
sui, o-su"
919,寸,寸,3,6,measurement,"スン
sun"
920,盛,皿,11,6,prosper,"セイ、（ジョウ）、も-る、さか-る、さか-ん
sei, (jō), mo-ru, saka-ru, saka-n"
921,聖,耳,13,6,holy,"セイ
sei"
922,誠,言,13,6,sincerity,"セイ、まこと
sei, makoto"
923,宣,宀,9,6,proclaim,"セン
sen"
924,専,寸,9,6,specialty,"セン、もっぱ-ら
sen, moppa-ra"
925,泉,水,9,6,spring,"セン、いずみ
sen, izumi"
926,洗,水,9,6,wash,"セン、あら-う
sen, ara-u"
927,染,木,9,6,dye,"セン、そ-める、そ-まる、し-みる、し-み
sen, so-meru, so-maru, shi-miru, shi-mi"
928,善,口,12,6,good,"ゼン、よ-い
zen, yo-i"
929,奏,大,9,6,play music,"ソウ、かな-でる
sō, kana-deru"
930,窓,穴,11,6,window,"ソウ、まど
sō, mado"
931,創,刀,12,6,create,"ソウ、つく-る
sō, tsuku-ru"
932,装,衣,12,6,attire,"ソウ、ショウ、よそお-う
sō, shō, yosoo-u"
933,層,尸,14,6,stratum,"ソウ
sō"
934,操,手,16,6,maneuver,"ソウ、みさお、あやつ-る
sō, misao, ayatsu-ru"
935,蔵,艸,15,6,warehouse,"ゾウ、くら
zō, kura"
936,臓,肉,19,6,entrails,"ゾウ
zō"
937,存,子,6,6,suppose,"ソン、ゾン
son, zon"
938,尊,寸,12,6,revered,"ソン、たっと-い、とうと-い、たっと-ぶ、とうと-ぶ
son, tatto-i, tōto-i, tatto-bu, tōto-bu"
939,宅,宀,6,6,home,"タク
taku"
940,担,手,8,6,shouldering,"タン、かつ-ぐ、にな-う
tan, katsu-gu, nina-u"
941,探,手,11,6,grope,"タン、さぐ-る、さが-す
tan, sagu-ru, saga-su"
942,誕,言,15,6,nativity,"タン
tan"
943,段,殳,9,6,steps,"ダン
dan"
944,暖,日,13,6,warmth,"ダン、あたた-か、あたた-かい、あたた-まる、あたた-める
dan, atata-ka, atata-kai, atata-maru, atata-meru"
945,値,人,10,6,value,"チ、ね、あたい
chi, ne, atai"
946,宙,宀,8,6,mid-air,"チュウ
chū"
947,忠,心,8,6,loyalty,"チュウ
chū"
948,著,艸,11,6,renowned,"チョ、あらわ-す、いちじる-しい
cho, arawa-su, ichijiru-shii"
949,庁,广,5,6,government office,"チョウ
chō"
950,頂,頁,11,6,place on the head,"チョウ、いただ-く、いただき
chō, itada-ku, itadaki"
951,潮,水,15,6,tide,"チョウ、しお
chō, shio"
952,賃,貝,13,6,fare,"チン
chin"
953,痛,疒,12,6,pain,"ツウ、いた-い、いた-む、いた-める
tsū, ita-i, ita-mu, ita-meru"
954,展,尸,10,6,expand,"テン
ten"
955,討,言,10,6,chastise,"トウ、う-つ
tō, u-tsu"
956,党,黑,10,6,group,"トウ
tō"
957,糖,米,16,6,sugar,"トウ
tō"
958,届,尸,8,6,deliver,"とど-ける、とど-く
todo-keru, todo-ku"
959,難,隹,18,6,difficult,"ナン、かた-い、むずか-しい
nan, kata-i, muzuka-shii"
960,乳,乙,8,6,milk,"ニュウ、ちち、ち
nyū, chichi, chi"
961,認,言,14,6,recognize,"ニン、みと-める
nin, mito-meru"
962,納,糸,10,6,settlement,"ノウ、（ナッ）、（ナ）、（ナン）、（トウ）、おさ-める、おさ-まる
nō, (na'), (na), (nan), (tō), osa-meru, osa-maru"
963,脳,肉,11,6,brain,"ノウ
nō"
964,派,水,9,6,sect,"ハ
ha"
965,拝,手,8,6,worship,"ハイ、おが-む
hai, oga-mu"
966,背,肉,9,6,back,"ハイ、せ、せい、そむ-く、そむ-ける
hai, se, sei, somu-ku, somu-keru"
967,肺,肉,9,6,lungs,"ハイ
hai"
968,俳,人,10,6,haiku,"ハイ
hai"
969,班,玉,10,6,squad,"ハン
han"
970,晩,日,12,6,nightfall,"バン
ban"
971,否,口,7,6,negate,"ヒ、いな
hi, ina"
972,批,手,7,6,criticism,"ヒ
hi"
973,秘,示,10,6,secret,"ヒ、ひ-める
hi, hi-meru"
974,腹,肉,13,6,abdomen,"フク、はら
fuku, hara"
975,奮,大,16,6,stirred up,"フン、ふる-う
fun, furu-u"
976,並,立,8,6,line-up,"ヘイ、なみ、なら-べる、なら-ぶ、なら-びに
hei, nami, nara-beru, nara-bu, nara-bini"
977,陛,阜,10,6,highness,"ヘイ
hei"
978,閉,門,11,6,closed,"ヘイ、と-じる、と-ざす、し-める、し-まる
hei, to-jiru, to-zasu, shi-meru, shi-maru"
979,片,片,4,6,one-sided,"ヘン、かた
hen, kata"
980,補,衣,12,6,supplement,"ホ、おぎな-う
ho, ogina-u"
981,暮,日,14,6,livelihood,"ボ、く-れる、く-らす
bo, ku-reru, ku-rasu"
982,宝,宀,8,6,treasure,"ホウ、たから
hō, takara"
983,訪,言,11,6,visit,"ホウ、おとず-れる、たず-ねる
hō, otozu-reru, tazu-neru"
984,亡,亠,3,6,deceased,"ボウ、（モウ）、な-い
bō, (mō), na-i"
985,忘,心,7,6,forget,"ボウ、わす-れる
bō, wasu-reru"
986,棒,木,12,6,rod,"ボウ
bō"
987,枚,木,8,6,sheet of...,"マイ
mai"
988,幕,巾,13,6,curtain,"マク、バク
maku, baku"
989,密,宀,11,6,secrecy,"ミツ
mitsu"
990,盟,皿,13,6,alliance,"メイ
mei"
991,模,木,14,6,imitation,"モ、ボ
mo, bo"
992,訳,言,11,6,translate,"ヤク、わけ
yaku, wake"
993,郵,邑,11,6,mail,"ユウ
yū"
994,優,人,17,6,superior,"ユウ、やさ-しい、すぐ-れる
yū, yasa-shii, sugu-reru"
995,幼,幺,5,6,infancy,"ヨウ、おさな-い
yō, osana-i"
996,欲,欠,11,6,longing,"ヨク、ほっ-する、ほ-しい
yoku, ho'-suru, ho-shii"
997,翌,羽,11,6,the following,"ヨク
yoku"
998,乱,乙,7,6,riot,"ラン、みだ-れる、みだ-す
ran, mida-reru, mida-su"
999,卵,卩,7,6,egg,"ラン、たまご
ran, tamago"
1000,覧,見,17,6,perusal,"ラン
ran"
1001,裏,衣,13,6,back,"リ、うら
ri, ura"
1002,律,彳,9,6,law,"リツ、（リチ）
ritsu, (richi)"
1003,臨,臣,18,6,look to,"リン、のぞ-む
rin, nozo-mu"
1004,朗,月,10,6,melodious,"ロウ、ほが-らか
rō, hoga-raka"
1005,論,言,15,6,theory,"ロン
ron"
1006,亜,二,7,S,sub-,"ア
a"
1007,哀,口,9,S,pathetic,"アイ、あわ-れ、あわ-れむ
ai, awa-re, awa-remu"
1008,挨,手,10,S,push open,"アイ
ai"
1009,曖,日,17,S,not clear,"アイ
ai"
1010,握,手,12,S,grip,"アク、にぎ-る
aku, nigi-ru"
1011,扱,手,6,S,handle,"あつか-う
atsuka-u"
1012,宛,宀,8,S,allocate,"あ-てる
a-teru"
1013,嵐,山,12,S,storm,"あらし
arashi"
1014,依,人,8,S,reliant,"イ、（エ）
i, (e)"
1015,威,女,9,S,intimidate,"イ
i"
1016,為,爪,9,S,do,"イ
i"
1017,畏,田,9,S,fear,"イ、おそ-れる
i, oso-reru"
1018,尉,寸,11,S,military officer,"イ
i"
1019,萎,艸,11,S,wither,"イ、な-える
i, na-eru"
1020,偉,人,12,S,admirable,"イ、えら-い
i, era-i"
1021,椅,木,12,S,chair,"イ
i"
1022,彙,彐,13,S,same kind,"イ
i"
1023,違,辵,13,S,differ,"イ、ちが-う、ちが-える
i, chiga-u, chiga-eru"
1024,維,糸,14,S,fiber,"イ
i"
1025,慰,心,15,S,consolation,"イ、なぐさ-める、なぐさ-む
i, nagusa-meru, nagusa-mu"
1026,緯,糸,16,S,horizontal,"イ
i"
1027,壱,士,7,S,one (falsification prevention),"イチ
ichi"
1028,逸,辵,11,S,deviate,"イツ
itsu"
1029,茨 [5],艸,9,S,thorn,"（いばら）[6]
(ibara)"
1030,芋,艸,6,S,potato,"いも
imo"
1031,咽,口,9,S,throat,"イン
in"
1032,姻,女,9,S,matrimony,"イン
in"
1033,淫 [7],水,11,S,lewdness,"イン、みだ-ら
in, mida-ra"
1034,陰,阜,11,S,shade,"イン、かげ、かげ-る
in, kage, kage-ru"
1035,隠,阜,14,S,conceal,"イン、かく-す、かく-れる
in, kaku-su, kaku-reru"
1036,韻,音,19,S,rhyme,"イン
in"
1037,唄,口,10,S,song,"（うた）
(uta)"
1038,鬱,鬯,29,S,gloom,"ウツ
utsu"
1039,畝,田,10,S,furrow,"うね
une"
1040,浦,水,10,S,bay,"うら
ura"
1041,詠,言,12,S,recitation,"エイ、よ-む
ei, yo-mu"
1042,影,彡,15,S,shadow,"エイ、かげ
ei, kage"
1043,鋭,金,15,S,pointed,"エイ、するど-い
ei, surudo-i"
1044,疫,疒,9,S,epidemic,"エキ、（ヤク）
eki, (yaku)"
1045,悦,心,10,S,ecstasy,"エツ
etsu"
1046,越,走,12,S,cross over,"エツ、こ-す、こ-える
etsu, ko-su, ko-eru"
1047,謁,言,15,S,audience,"エツ
etsu"
1048,閲,門,15,S,review,"エツ
etsu"
1049,炎,火,8,S,inflammation,"エン、ほのお
en, honoo"
1050,怨,心,9,S,grudge,"エン、オン
en, on"
1051,宴,宀,10,S,banquet,"エン
en"
1052,媛,女,12,S,princess,"エン
en"
1053,援,手,12,S,aid,"エン
en"
1054,煙,火,13,S,smoke,"エン、けむ-る、けむり、けむ-い
en, kemu-ru, kemuri, kemu-i"
1055,猿,犬,13,S,monkey,"エン、さる
en, saru"
1056,鉛,金,13,S,lead,"エン、なまり
en, namari"
1057,縁,糸,15,S,affinity,"エン、ふち
en, fuchi"
1058,艶,色,19,S,glossy,"エン、つや
en, tsuya"
1059,汚,水,6,S,dirty,"オ、けが-す、けが-れる、けが-らわしい、よご-す、よご-れる、きたな-い
o, kega-su, kega-reru, kega-rawashii, yogo-su, yogo-reru, kitana-i"
1060,凹,凵,5,S,concave,"オウ
ō"
1061,押,手,8,S,push,"オウ、お-す、お-さえる
ō, o-su, o-saeru"
1062,旺,日,8,S,flourishing,"オウ
ō"
1063,欧,欠,8,S,Europe,"オウ
ō"
1064,殴,殳,8,S,assault,"オウ、なぐ-る
ō, nagu-ru"
1065,翁,羽,10,S,venerable old man,"オウ
ō"
1066,奥,大,12,S,heart,"オウ、おく
ō, oku"
1067,岡,山,8,S,hill,"（おか）[6]
(oka)"
1068,憶,心,16,S,recollection,"オク
oku"
1069,臆,肉,17,S,timidity,"オク
oku"
1070,虞,虍,13,S,uneasiness,"おそれ
osore"
1071,乙,乙,1,S,the latter,"オツ
otsu"
1072,俺,人,10,S,"I, we","おれ
ore"
1073,卸,卩,9,S,wholesale,"おろ-す、おろし
oro-su, oroshi"
1074,穏,禾,16,S,calm,"オン、おだ-やか
on, oda-yaka"
1075,佳,人,8,S,excellent,"カ
ka"
1076,苛,艸,8,S,torment,"カ
ka"
1077,架,木,9,S,rack,"カ、か-ける、か-かる
ka, ka-keru, ka-karu"
1078,華,艸,10,S,splendor,"カ、（ケ）、はな
ka, (ke), hana"
1079,菓,艸,11,S,confectionery,"カ
ka"
1080,渦,水,12,S,whirlpool,"カ、うず
ka, uzu"
1081,嫁,女,13,S,marry into,"カ、よめ、とつ-ぐ
ka, yome, totsu-gu"
1082,暇,日,13,S,spare time,"カ、ひま
ka, hima"
1083,禍,示,13,S,calamity,"カ
ka"
1084,靴,革,13,S,shoes,"カ、くつ
ka, kutsu"
1085,寡,宀,14,S,widow,"カ
ka"
1086,箇,竹,14,S,counters for things,"カ
ka"
1087,稼,禾,15,S,earnings,"カ、かせ-ぐ
ka, kase-gu"
1088,蚊,虫,10,S,mosquito,"か
ka"
1089,牙 [5],牙,4,S,tusk,"ガ、（ゲ）、きば
ga, (ge), kiba"
1090,瓦,瓦,5,S,tile,"ガ、かわら
ga, kawara"
1091,雅,隹,13,S,gracious,"ガ
ga"
1092,餓,食,15,S,starve,"ガ
ga"
1093,介,人,4,S,jammed in,"カイ
kai"
1094,戒,戈,7,S,commandment,"カイ、いまし-める
kai, imashi-meru"
1095,怪,心,8,S,suspicious,"カイ、あや-しい、あや-しむ
kai, aya-shii, aya-shimu"
1096,拐,手,8,S,kidnap,"カイ
kai"
1097,悔,心,9,S,repent,"カイ、く-いる、く-やむ、くや-しい
kai, ku-iru, ku-yamu, kuya-shii"
1098,皆,白,9,S,all,"カイ、みな
kai, mina"
1099,塊,土,13,S,clod,"カイ、かたまり
kai, katamari"
1100,楷,木,13,S,square character style,"カイ
kai"
1101,潰,水,15,S,crush,"カイ、つぶ-す、つぶ-れる
kai, tsubu-su, tsubu-reru"
1102,壊,土,16,S,demolition,"カイ、こわ-す、こわ-れる
kai, kowa-su, kowa-reru"
1103,懐,心,16,S,pocket,"カイ、ふところ、なつ-かしい、なつ-かしむ、なつ-く、なつ-ける
kai, futokoro, natsu-kashii, natsu-kashimu, natsu-ku, natsu-keru"
1104,諧,言,16,S,harmony,"カイ
kai"
1105,劾,力,8,S,censure,"ガイ
gai"
1106,崖,山,11,S,cliff,"ガイ、がけ
gai, gake"
1107,涯,水,11,S,horizon,"ガイ
gai"
1108,慨,心,13,S,rue,"ガイ
gai"
1109,蓋,艸,13,S,cover,"ガイ、ふた
gai, futa"
1110,該,言,13,S,above-stated,"ガイ
gai"
1111,概,木,14,S,outline,"ガイ
gai"
1112,骸,骨,16,S,dead remains,"ガイ
gai"
1113,垣,土,9,S,hedge,"かき
kaki"
1114,柿,木,9,S,persimmon,"かき
kaki"
1115,核,木,10,S,nucleus,"カク
kaku"
1116,殻,殳,11,S,husk,"カク、から
kaku, kara"
1117,郭,邑,11,S,enclosure,"カク
kaku"
1118,較,車,13,S,contrast,"カク
kaku"
1119,隔,阜,13,S,isolate,"カク、へだ-てる、へだ-たる
kaku, heda-teru, heda-taru"
1120,獲,犬,16,S,seize,"カク、え-る
kaku, e-ru"
1121,嚇,口,17,S,menacing,"カク
kaku"
1122,穫,禾,18,S,harvest,"カク
kaku"
1123,岳,山,8,S,point,"ガク、たけ
gaku, take"
1124,顎,頁,18,S,jaw,"ガク、あご
gaku, ago"
1125,掛,手,11,S,hang,"か-ける、か-かる、かかり
ka-keru, ka-karu, kakari"
1126,潟,水,15,S,lagoon,"かた
kata"
1127,括,手,9,S,fasten,"カツ
katsu"
1128,喝,口,11,S,hoarse,"カツ
katsu"
1129,渇,水,11,S,thirst,"カツ、かわ-く
katsu, kawa-ku"
1130,葛 [7],艸,12,S,arrowroot,"カツ、くず
katsu, kuzu"
1131,滑,水,13,S,slippery,"カツ、コツ、すべ-る、なめ-らか
katsu, kotsu, sube-ru, name-raka"
1132,褐,衣,13,S,brown,"カツ
katsu"
1133,轄,車,17,S,control,"カツ
katsu"
1134,且,一,5,S,moreover,"か-つ
ka-tsu"
1135,釜,金,10,S,kettle,"かま
kama"
1136,鎌,金,18,S,sickle,"かま
kama"
1137,刈,刀,4,S,reap,"か-る
ka-ru"
1138,甘,甘,5,S,sweet,"カン、あま-い、あま-える、あま-やかす
kan, ama-i, ama-eru, ama-yakasu"
1139,汗,水,6,S,sweat,"カン、あせ
kan, ase"
1140,缶,缶,6,S,tin can,"カン
kan"
1141,肝,肉,7,S,liver,"カン、きも
kan, kimo"
1142,冠,冖,9,S,crown,"カン、かんむり
kan, kanmuri"
1143,陥,阜,10,S,collapse,"カン、おちい-る、おとしい-れる
kan, ochii-ru, otoshii-reru"
1144,乾,乙,11,S,dry,"カン、かわ-く、かわ-かす
kan, kawa-ku, kawa-kasu"
1145,勘,力,11,S,intuition,"カン
kan"
1146,患,心,11,S,afflicted,"カン、わずら-う
kan, wazura-u"
1147,貫,貝,11,S,pierce,"カン、つらぬ-く
kan, tsuranu-ku"
1148,喚,口,12,S,yell,"カン
kan"
1149,堪,土,12,S,withstand,"カン、た-える
kan, ta-eru"
1150,換,手,12,S,interchange,"カン、か-える、か-わる
kan, ka-eru, ka-waru"
1151,敢,攴,12,S,daring,"カン
kan"
1152,棺,木,12,S,coffin,"カン
kan"
1153,款,欠,12,S,goodwill,"カン
kan"
1154,閑,門,12,S,leisure,"カン
kan"
1155,勧,力,13,S,persuade,"カン、すす-める
kan, susu-meru"
1156,寛,宀,13,S,tolerant,"カン
kan"
1157,歓,欠,15,S,delight,"カン
kan"
1158,監,皿,15,S,oversee,"カン
kan"
1159,緩,糸,15,S,slacken,"カン、ゆる-い、ゆる-やか、ゆる-む、ゆる-める
kan, yuru-i, yuru-yaka, yuru-mu, yuru-meru"
1160,憾,心,16,S,remorse,"カン
kan"
1161,還,辵,16,S,send back,"カン
kan"
1162,環,玉,17,S,ring,"カン
kan"
1163,韓 [5],韋,18,S,Korea,"カン
kan"
1164,艦,舟,21,S,warship,"カン
kan"
1165,鑑,金,23,S,specimen,"カン、かんが-みる
kan, kanga-miru"
1166,含,口,7,S,include,"ガン、ふく-む、ふく-める
gan, fuku-mu, fuku-meru"
1167,玩,玉,8,S,trifle with,"ガン
gan"
1168,頑,頁,13,S,stubborn,"ガン
gan"
1169,企,人,6,S,plan,"キ、くわだ-てる
ki, kuwada-teru"
1170,伎,人,6,S,deed,"キ
ki"
1171,岐,山,7,S,branch off,"キ
ki"
1172,忌,心,7,S,mourning,"キ、い-む、い-まわしい
ki, i-mu, i-mawashii"
1173,奇,大,8,S,strange,"キ
ki"
1174,祈,示,8,S,pray,"キ、いの-る
ki, ino-ru"
1175,軌,車,9,S,rut,"キ
ki"
1176,既,无,10,S,previously,"キ、すで-に
ki, sude-ni"
1177,飢,食,10,S,hungry,"キ、う-える
ki, u-eru"
1178,鬼,鬼,10,S,ghost,"キ、おに
ki, oni"
1179,亀,龜,11,S,turtle,"キ、かめ
ki, kame"
1180,幾,幺,12,S,how many,"キ、いく
ki, iku"
1181,棋,木,12,S,chess piece,"キ
ki"
1182,棄,木,13,S,abandon,"キ
ki"
1183,毀,殳,13,S,destroy,"キ
ki"
1184,畿,田,15,S,capital,"キ
ki"
1185,輝,車,15,S,radiance,"キ、かがや-く
ki, kagaya-ku"
1186,騎,馬,18,S,equestrian,"キ
ki"
1187,宜,宀,8,S,best regards,"ギ
gi"
1188,偽,人,11,S,falsehood,"ギ、いつわ-る、にせ
gi, itsuwa-ru, nise"
1189,欺,欠,12,S,deceit,"ギ、あざむ-く
gi, azamu-ku"
1190,儀,人,15,S,ceremony,"ギ
gi"
1191,戯,戈,15,S,frolic,"ギ、たわむ-れる
gi, tawamu-reru"
1192,擬,手,17,S,mimic,"ギ
gi"
1193,犠,牛,17,S,sacrifice,"ギ
gi"
1194,菊,艸,11,S,chrysanthemum,"キク
kiku"
1195,吉,口,6,S,good luck,"キチ、キツ
kichi, kitsu"
1196,喫,口,12,S,consume,"キツ
kitsu"
1197,詰,言,13,S,packed,"キツ、つ-める、つ-まる、つ-む
kitsu, tsu-meru, tsu-maru, tsu-mu"
1198,却,卩,7,S,instead,"キャク
kyaku"
1199,脚,肉,11,S,leg,"キャク、（キャ）、あし
kyaku, (kya), ashi"
1200,虐,虍,9,S,tyrannize,"ギャク、しいた-げる
gyaku, shiita-geru"
1201,及,又,3,S,reach out,"キュウ、およ-ぶ、およ-び、およ-ぼす
kyū, oyo-bu, oyo-bi, oyo-bosu"
1202,丘,一,5,S,hill,"キュウ、おか
kyū, oka"
1203,朽,木,6,S,decay,"キュウ、く-ちる
kyū, ku-chiru"
1204,臼,臼,6,S,mortar,"キュウ、うす
kyū, usu"
1205,糾,糸,9,S,twist,"キュウ
kyū"
1206,嗅,口,13,S,smell,"キュウ、か-ぐ
kyū, ka-gu"
1207,窮,穴,15,S,hard up,"キュウ、きわ-める、きわ-まる
kyū, kiwa-meru, kiwa-maru"
1208,巨,工,5,S,gigantic,"キョ
kyo"
1209,拒,手,8,S,repel,"キョ、こば-む
kyo, koba-mu"
1210,拠,手,8,S,foothold,"キョ、コ
kyo, ko"
1211,虚,虍,11,S,void,"キョ、（コ）
kyo, (ko)"
1212,距,足,12,S,long-distance,"キョ
kyo"
1213,御,彳,12,S,honorable,"ギョ、ゴ、おん
gyo, go, on"
1214,凶,凵,4,S,villain,"キョウ
kyō"
1215,叫,口,6,S,shout,"キョウ、さけ-ぶ
kyō, sake-bu"
1216,狂,犬,7,S,lunatic,"キョウ、くる-う、くる-おしい
kyō, kuru-u, kuru-oshii"
1217,享,亠,8,S,receive,"キョウ
kyō"
1218,況,水,8,S,condition,"キョウ
kyō"
1219,峡,山,9,S,gorge,"キョウ
kyō"
1220,挟,手,9,S,pinch,"キョウ、はさ-む、はさ-まる
kyō, hasa-mu, hasa-maru"
1221,狭,犬,9,S,cramped,"キョウ、せま-い、せば-める、せば-まる
kyō, sema-i, seba-meru, seba-maru"
1222,恐,心,10,S,fear,"キョウ、おそ-れる、おそ-ろしい
kyō, oso-reru, oso-roshii"
1223,恭,心,10,S,respect,"キョウ、うやうや-しい
kyō, uyauya-shii"
1224,脅,肉,10,S,threaten,"キョウ、おびや-かす、おど-す、おど-かす
kyō, obiya-kasu, odo-su, odo-kasu"
1225,矯,矢,17,S,rectify,"キョウ、た-める
kyō, ta-meru"
1226,響,音,20,S,echo,"キョウ、ひび-く
kyō, hibi-ku"
1227,驚,馬,22,S,wonder,"キョウ、おどろ-く、おどろ-かす
kyō, odoro-ku, odoro-kasu"
1228,仰,人,6,S,face-up,"ギョウ、（コウ）、あお-ぐ、おお-せ
gyō, (kō), ao-gu, oo-se"
1229,暁,日,12,S,daybreak,"ギョウ、あかつき
gyō, akatsuki"
1230,凝,冫,16,S,congeal,"ギョウ、こ-る、こ-らす
gyō, ko-ru, ko-rasu"
1231,巾,巾,3,S,towel,"キン
kin"
1232,斤,斤,4,S,axe,"キン
kin"
1233,菌,艸,11,S,germ,"キン
kin"
1234,琴,玉,12,S,harp,"キン、こと
kin, koto"
1235,僅 [7],人,13,S,a wee bit,"キン、わず-か
kin, wazu-ka"
1236,緊,糸,15,S,tense,"キン
kin"
1237,錦,金,16,S,brocade,"キン、にしき
kin, nishiki"
1238,謹,言,17,S,discreet,"キン、つつし-む
kin, tsutsushi-mu"
1239,襟,衣,18,S,collar,"キン、えり
kin, eri"
1240,吟,口,7,S,versify,"ギン
gin"
1241,駆,馬,14,S,drive,"ク、か-ける、か-る
ku, ka-keru, ka-ru"
1242,惧,心,11,S,dread,"グ
gu"
1243,愚,心,13,S,foolish,"グ、おろ-か
gu, oro-ka"
1244,偶,人,11,S,accidentally,"グウ
gū"
1245,遇,辵,12,S,interview,"グウ
gū"
1246,隅,阜,12,S,corner,"グウ、すみ
gū, sumi"
1247,串,丨,7,S,skewer,"くし
kushi"
1248,屈,尸,8,S,yield,"クツ
kutsu"
1249,掘,手,11,S,dig,"クツ、ほ-る
kutsu, ho-ru"
1250,窟,穴,13,S,cavern,"クツ
kutsu"
1251,熊,火,14,S,bear,"くま
kuma"
1252,繰,糸,19,S,winding,"く-る
ku-ru"
1253,勲,力,15,S,meritorious deed,"クン
kun"
1254,薫,艸,16,S,fragrant,"クン、かお-る
kun, kao-ru"
1255,刑,刀,6,S,punish,"ケイ
kei"
1256,茎,艸,8,S,stalk,"ケイ、くき
kei, kuki"
1257,契,大,9,S,pledge,"ケイ、ちぎ-る
kei, chigi-ru"
1258,恵,心,10,S,favor,"ケイ、エ、めぐ-む
kei, e, megu-mu"
1259,啓,口,11,S,disclose,"ケイ
kei"
1260,掲,手,11,S,put up (a notice),"ケイ、かか-げる
kei, kaka-geru"
1261,渓,水,11,S,mountain stream,"ケイ
kei"
1262,蛍,虫,11,S,lightning-bug,"ケイ、ほたる
kei, hotaru"
1263,傾,人,13,S,lean,"ケイ、かたむ-く、かたむ-ける
kei, katamu-ku, katamu-keru"
1264,携,手,13,S,portable,"ケイ、たずさ-える、たずさ-わる
kei, tazusa-eru, tazusa-waru"
1265,継,糸,13,S,inherit,"ケイ、つ-ぐ
kei, tsu-gu"
1266,詣,言,13,S,visit a temple,"ケイ、もう-でる
kei, mō-deru"
1267,慶,心,15,S,jubilation,"ケイ
kei"
1268,憬,心,15,S,long for,"ケイ
kei"
1269,稽,禾,15,S,consider,"ケイ
kei"
1270,憩,心,16,S,recess,"ケイ、いこ-い、いこ-う
kei, iko-i, iko-u"
1271,鶏,鳥,19,S,chicken,"ケイ、にわとり
kei, niwatori"
1272,迎,辵,7,S,welcome,"ゲイ、むか-える
gei, muka-eru"
1273,鯨,魚,19,S,whale,"ゲイ、くじら
gei, kujira"
1274,隙,阜,13,S,fissure,"ゲキ、すき
geki, suki"
1275,撃,手,15,S,beat,"ゲキ、う-つ
geki, u-tsu"
1276,桁,木,10,S,beam,"けた
keta"
1277,傑,人,13,S,greatness,"ケツ
ketsu"
1278,肩,肉,8,S,shoulder,"ケン、かた
ken, kata"
1279,倹,人,10,S,frugal,"ケン
ken"
1280,兼,八,10,S,concurrently,"ケン、か-ねる
ken, ka-neru"
1281,剣,刀,10,S,sabre,"ケン、つるぎ
ken, tsurugi"
1282,拳,手,10,S,fist,"ケン、こぶし
ken, kobushi"
1283,軒,車,10,S,flats,"ケン、のき
ken, noki"
1284,圏,囗,12,S,sphere,"ケン
ken"
1285,堅,土,12,S,strict,"ケン、かた-い
ken, kata-i"
1286,嫌,女,13,S,dislike,"ケン、（ゲン）、きら-う、いや
ken, (gen), kira-u, iya"
1287,献,犬,13,S,offering,"ケン、（コン）
ken, (kon)"
1288,遣,辵,13,S,dispatch,"ケン、つか-う、つか-わす
ken, tsuka-u, tsuka-wasu"
1289,賢,貝,16,S,intelligent,"ケン、かしこ-い
ken, kashiko-i"
1290,謙,言,17,S,self-effacing,"ケン
ken"
1291,鍵,金,17,S,key,"ケン、かぎ
ken, kagi"
1292,繭,糸,18,S,cocoon,"ケン、まゆ
ken, mayu"
1293,顕,頁,18,S,appear,"ケン
ken"
1294,懸,心,20,S,suspend,"ケン、（ケ）、か-ける、か-かる
ken, (ke), ka-keru, ka-karu"
1295,幻,幺,4,S,phantasm,"ゲン、まぼろし
gen, maboroshi"
1296,玄,玄,5,S,mysterious,"ゲン
gen"
1297,弦,弓,8,S,bowstring,"ゲン、つる
gen, tsuru"
1298,舷,舟,11,S,gunwale,"ゲン
gen"
1299,股,肉,8,S,crotch,"コ、また
ko, mata"
1300,虎,虍,8,S,tiger,"コ、とら
ko, tora"
1301,孤,子,9,S,orphan,"コ
ko"
1302,弧,弓,9,S,arc,"コ
ko"
1303,枯,木,9,S,wither,"コ、か-れる、か-らす
ko, ka-reru, ka-rasu"
1304,雇,隹,12,S,employ,"コ、やと-う
ko, yato-u"
1305,誇,言,13,S,boast,"コ、ほこ-る
ko, hoko-ru"
1306,鼓,鼓,13,S,drum,"コ、つづみ
ko, tsuzumi"
1307,錮,金,16,S,tie up,"コ
ko"
1308,顧,頁,21,S,look back,"コ、かえり-みる
ko, kaeri-miru"
1309,互,二,4,S,mutually,"ゴ、たが-い
go, taga-i"
1310,呉,口,7,S,give,"ゴ
go"
1311,娯,女,10,S,recreation,"ゴ
go"
1312,悟,心,10,S,enlightenment,"ゴ、さと-る
go, sato-ru"
1313,碁,石,13,S,Go,"ゴ
go"
1314,勾,勹,4,S,capture,"コウ
kō"
1315,孔,子,4,S,cavity,"コウ
kō"
1316,巧,工,5,S,adroit,"コウ、たく-み
kō, taku-mi"
1317,甲,田,5,S,armor,"コウ、カン
kō, kan"
1318,江,水,6,S,inlet,"コウ、え
kō, e"
1319,坑,土,7,S,pit,"コウ
kō"
1320,抗,手,7,S,confront,"コウ
kō"
1321,攻,攴,7,S,aggression,"コウ、せ-める
kō, se-meru"
1322,更,曰,7,S,grow late,"コウ、さら、ふ-ける、ふ-かす
kō, sara, fu-keru, fu-kasu"
1323,拘,手,8,S,arrest,"コウ
kō"
1324,肯,肉,8,S,agreement,"コウ
kō"
1325,侯,人,9,S,marquis,"コウ
kō"
1326,恒,心,9,S,constancy,"コウ
kō"
1327,洪,水,9,S,deluge,"コウ
kō"
1328,荒,艸,9,S,laid waste,"コウ、あら-い、あ-れる、あ-らす
kō, ara-i, a-reru, a-rasu"
1329,郊,邑,9,S,outskirts,"コウ
kō"
1330,香,香,9,S,incense,"コウ、（キョウ）、か、かお-り、かお-る
kō, (kyō), ka, kao-ri, kao-ru"
1331,貢,貝,10,S,tribute,"コウ、（ク）、みつ-ぐ
kō, (ku), mitsu-gu"
1332,控,手,11,S,withdraw,"コウ、ひか-える
kō, hika-eru"
1333,梗,木,11,S,close up,"コウ
kō"
1334,喉,口,12,S,throat,"コウ、のど
kō, nodo"
1335,慌,心,12,S,disconcerted,"コウ、あわ-てる、あわ-ただしい
kō, awa-teru, awa-tadashii"
1336,硬,石,12,S,stiff,"コウ、かた-い
kō, kata-i"
1337,絞,糸,12,S,strangle,"コウ、しぼ-る、し-める、し-まる
kō, shibo-ru, shi-meru, shi-maru"
1338,項,頁,12,S,paragraph,"コウ
kō"
1339,溝,水,13,S,gutter,"コウ、みぞ
kō, mizo"
1340,綱,糸,14,S,hawser,"コウ、つな
kō, tsuna"
1341,酵,酉,14,S,fermentation,"コウ
kō"
1342,稿,禾,15,S,draft,"コウ
kō"
1343,衡,行,16,S,equilibrium,"コウ
kō"
1344,購,貝,17,S,subscription,"コウ
kō"
1345,乞,乙,3,S,beg,"こ-う
ko-u"
1346,拷,手,9,S,torture,"ゴウ
gō"
1347,剛,刀,10,S,sturdy,"ゴウ
gō"
1348,傲,人,13,S,be proud,"ゴウ
gō"
1349,豪,豕,14,S,overpowering,"ゴウ
gō"
1350,克,儿,7,S,overcome,"コク
koku"
1351,酷,酉,14,S,cruel,"コク
koku"
1352,獄,犬,14,S,prison,"ゴク
goku"
1353,駒,馬,15,S,horse,"こま
koma"
1354,込,辵,5,S,crowded,"こ-む、こ-める
ko-mu, ko-meru"
1355,頃,頁,11,S,times,"ころ
koro"
1356,昆,日,8,S,descendants,"コン
kon"
1357,恨,心,9,S,rancor,"コン、うら-む、うら-めしい
kon, ura-mu, ura-meshii"
1358,婚,女,11,S,marriage,"コン
kon"
1359,痕,疒,11,S,mark,"コン、あと
kon, ato"
1360,紺,糸,11,S,dark blue,"コン
kon"
1361,魂,鬼,14,S,soul,"コン、たましい
kon, tamashii"
1362,墾,土,16,S,ground-breaking,"コン
kon"
1363,懇,心,17,S,sociable,"コン、ねんご-ろ
kon, nengo-ro"
1364,佐,人,7,S,help,"サ
sa"
1365,沙,水,7,S,sand,"サ
sa"
1366,唆,口,10,S,tempt,"サ、そそのか-す
sa, sosonoka-su"
1367,詐,言,12,S,lie,"サ
sa"
1368,鎖,金,18,S,chain,"サ、くさり
sa, kusari"
1369,挫,手,10,S,sprain,"ザ
za"
1370,采,釆,8,S,form,"サイ
sai"
1371,砕,石,9,S,smash,"サイ、くだ-く、くだ-ける
sai, kuda-ku, kuda-keru"
1372,宰,宀,10,S,superintend,"サイ
sai"
1373,栽,木,10,S,plantation,"サイ
sai"
1374,彩,彡,11,S,coloring,"サイ、いろど-る
sai, irodo-ru"
1375,斎,齊,11,S,purification,"サイ
sai"
1376,債,人,13,S,bond,"サイ
sai"
1377,催,人,13,S,sponsor,"サイ、もよお-す
sai, moyoo-su"
1378,塞,土,13,S,obstruct,"サイ、ソク、ふさ-ぐ、ふさ-がる
sai, soku, fusa-gu, fusa-garu"
1379,歳,止,13,S,year-end,"サイ、（セイ）
sai, (sei)"
1380,載,車,13,S,ride,"サイ、の-せる、の-る
sai, no-seru, no-ru"
1381,埼,土,11,S,cape (geography),"（さい）[6]
(sai)"
1382,剤,刀,10,S,dose,"ザイ
zai"
1383,崎,山,11,S,promontory,"さき
saki"
1384,削,刀,9,S,plane,"サク、けず-る
saku, kezu-ru"
1385,柵,木,9,S,fence,"サク
saku"
1386,索,糸,10,S,cord,"サク
saku"
1387,酢,酉,12,S,vinegar,"サク、す
saku, su"
1388,搾,手,13,S,squeeze,"サク、しぼ-る
saku, shibo-ru"
1389,錯,金,16,S,confused,"サク
saku"
1390,咲,口,9,S,blossom,"さ-く
sa-ku"
1391,刹,刀,8,S,temple,"サツ、セツ
satsu, setsu"
1392,拶,手,9,S,be imminent,"サツ
satsu"
1393,撮,手,15,S,snapshot,"サツ、と-る
satsu, to-ru"
1394,擦,手,17,S,grate,"サツ、す-る、す-れる
satsu, su-ru, su-reru"
1395,桟,木,10,S,scaffold,"サン
san"
1396,惨,心,11,S,wretched,"サン、ザン、みじ-め
san, zan, miji-me"
1397,傘,人,12,S,umbrella,"サン、かさ
san, kasa"
1398,斬,斤,11,S,kill by slicing,"ザン、き-る
zan, ki-ru"
1399,暫,日,15,S,temporarily,"ザン
zan"
1400,旨,日,6,S,delicious,"シ、むね
shi, mune"
1401,伺,人,7,S,pay respects,"シ、うかが-う
shi, ukaga-u"
1402,刺,刀,8,S,thorn,"シ、さ-す、さ-さる
shi, sa-su, sa-saru"
1403,祉,示,8,S,welfare,"シ
shi"
1404,肢,肉,8,S,limb,"シ
shi"
1405,施,方,9,S,carry out,"シ、セ、ほどこ-す
shi, se, hodoko-su"
1406,恣,心,10,S,selfish,"シ
shi"
1407,脂,肉,10,S,fat,"シ、あぶら
shi, abura"
1408,紫,糸,12,S,purple,"シ、むらさき
shi, murasaki"
1409,嗣,口,13,S,heir,"シ
shi"
1410,雌,隹,14,S,feminine,"シ、め、めす
shi, me, mesu"
1411,摯,手,15,S,seriousness,"シ
shi"
1412,賜,貝,15,S,grant,"シ、たまわ-る
shi, tamawa-ru"
1413,諮,言,16,S,consult with,"シ、はか-る
shi, haka-ru"
1414,侍,人,8,S,waiter,"ジ、さむらい
ji, samurai"
1415,滋,水,12,S,nourishing,"ジ
ji"
1416,慈,心,13,S,mercy,"ジ、いつく-しむ
ji, itsuku-shimu"
1417,餌 [8],食,15,S,bait,"ジ、えさ、え
ji, esa, e"
1418,璽,玉,19,S,emperor's seal,"ジ
ji"
1419,鹿,鹿,11,S,deer,"しか、（か）
shika, (ka)"
1420,軸,車,12,S,axis,"ジク
jiku"
1421,𠮟 [5],口,5,S,scold,"シツ、しか-る
shitsu, shika-ru"
1422,疾,疒,10,S,rapidly,"シツ
shitsu"
1423,執,土,11,S,tenacious,"シツ、シュウ、と-る
shitsu, shū, to-ru"
1424,湿,水,12,S,damp,"シツ、しめ-る、しめ-す
shitsu, shime-ru, shime-su"
1425,嫉,女,13,S,envy,"シツ
shitsu"
1426,漆,水,14,S,lacquer,"シツ、うるし
shitsu, urushi"
1427,芝,艸,6,S,turf,"しば
shiba"
1428,赦,赤,11,S,pardon,"シャ
sha"
1429,斜,斗,11,S,diagonal,"シャ、なな-め
sha, nana-me"
1430,煮,火,12,S,boil,"シャ、に-る、に-える、に-やす
sha, ni-ru, ni-eru, ni-yasu"
1431,遮,辵,14,S,intercept,"シャ、さえぎ-る
sha, saegi-ru"
1432,邪,邑,8,S,wicked,"ジャ
ja"
1433,蛇,虫,11,S,snake,"ジャ、ダ、へび
ja, da, hebi"
1434,酌,酉,10,S,bartending,"シャク、く-む
shaku, ku-mu"
1435,釈,釆,11,S,explanation,"シャク
shaku"
1436,爵,爪,17,S,baron,"シャク
shaku"
1437,寂,宀,11,S,loneliness,"ジャク、（セキ）、さび、さび-しい、さび-れる
jaku, (seki), sabi, sabi-shii, sabi-reru"
1438,朱,木,6,S,vermilion,"シュ
shu"
1439,狩,犬,9,S,hunt,"シュ、か-る、か-り
shu, ka-ru, ka-ri"
1440,殊,歹,10,S,particularly,"シュ、こと
shu, koto"
1441,珠,玉,10,S,pearl,"シュ
shu"
1442,腫,肉,13,S,tumor,"シュ、は-れる、は-らす
shu, ha-reru, ha-rasu"
1443,趣,走,15,S,gist,"シュ、おもむき
shu, omomuki"
1444,寿,士,7,S,longevity,"ジュ、ことぶき
ju, kotobuki"
1445,呪,口,8,S,curse,"ジュ、のろ-う
ju, noro-u"
1446,需,雨,14,S,demand,"ジュ
ju"
1447,儒,人,16,S,Confucian,"ジュ
ju"
1448,囚,囗,5,S,captured,"シュウ
shū"
1449,舟,舟,6,S,boat,"シュウ、ふね、（ふな）
shū, fune, (funa)"
1450,秀,禾,7,S,excel,"シュウ、ひい-でる
shū, hii-deru"
1451,臭,自,9,S,stinking,"シュウ、くさ-い、にお-う
shū, kusa-i, nio-u"
1452,袖,衣,10,S,sleeve,"シュウ、そで
shū, sode"
1453,羞,羊,11,S,feel ashamed,"シュウ
shū"
1454,愁,心,13,S,distress,"シュウ、うれ-える、うれ-い
shū, ure-eru, ure-i"
1455,酬,酉,13,S,repay,"シュウ
shū"
1456,醜,酉,17,S,ugly,"シュウ、みにく-い
shū, miniku-i"
1457,蹴,足,19,S,kick,"シュウ、け-る
shū, ke-ru"
1458,襲,衣,22,S,attack,"シュウ、おそ-う
shū, oso-u"
1459,汁,水,5,S,soup,"ジュウ、しる
jū, shiru"
1460,充,儿,6,S,allot,"ジュウ、あ-てる
jū, a-teru"
1461,柔,木,9,S,tender,"ジュウ、ニュウ、やわ-らか、やわ-らかい
jū, nyū, yawa-raka, yawa-rakai"
1462,渋,水,11,S,astringent,"ジュウ、しぶ、しぶ-い、しぶ-る
jū, shibu, shibu-i, shibu-ru"
1463,銃,金,14,S,gun,"ジュウ
jū"
1464,獣,犬,16,S,animal,"ジュウ、けもの
jū, kemono"
1465,叔,又,8,S,uncle,"シュク
shuku"
1466,淑,水,11,S,graceful,"シュク
shuku"
1467,粛,聿,11,S,solemn,"シュク
shuku"
1468,塾,土,14,S,cram school,"ジュク
juku"
1469,俊,人,9,S,genius,"シュン
shun"
1470,瞬,目,18,S,wink,"シュン、またた-く
shun, matata-ku"
1471,旬,日,6,S,10-day period (of the month),"ジュン、（シュン）
jun, (shun)"
1472,巡,巛,6,S,patrol,"ジュン、めぐ-る
jun, megu-ru"
1473,盾,目,9,S,shield,"ジュン、たて
jun, tate"
1474,准,冫,10,S,quasi-,"ジュン
jun"
1475,殉,歹,10,S,martyrdom,"ジュン
jun"
1476,循,彳,12,S,sequential,"ジュン
jun"
1477,潤,水,15,S,wet,"ジュン、うるお-う、うるお-す、うる-む
jun, uruo-u, uruo-su, uru-mu"
1478,遵,辵,15,S,abide by,"ジュン
jun"
1479,庶,广,11,S,commoner,"ショ
sho"
1480,緒,糸,14,S,thong,"ショ、（チョ）、お
sho, (cho), o"
1481,如,女,6,S,likeness,"ジョ、ニョ
jo, nyo"
1482,叙,攴,9,S,confer,"ジョ
jo"
1483,徐,彳,10,S,gradually,"ジョ
jo"
1484,升,十,4,S,measuring box,"ショウ、ます
shō, masu"
1485,召,口,5,S,summon,"ショウ、め-す
shō, me-su"
1486,匠,匚,6,S,artisan,"ショウ
shō"
1487,床,广,7,S,bed,"ショウ、とこ、ゆか
shō, toko, yuka"
1488,抄,手,7,S,extract,"ショウ
shō"
1489,肖,肉,7,S,resemblance,"ショウ
shō"
1490,尚,小,8,S,esteem,"ショウ
shō"
1491,昇,日,8,S,rise up,"ショウ、のぼ-る
shō, nobo-ru"
1492,沼,水,8,S,marsh,"ショウ、ぬま
shō, numa"
1493,宵,宀,10,S,wee hours,"ショウ、よい
shō, yoi"
1494,症,疒,10,S,symptoms,"ショウ
shō"
1495,祥,示,10,S,auspicious,"ショウ
shō"
1496,称,禾,10,S,appellation,"ショウ
shō"
1497,渉,水,11,S,ford,"ショウ
shō"
1498,紹,糸,11,S,introduce,"ショウ
shō"
1499,訟,言,11,S,sue,"ショウ
shō"
1500,掌,手,12,S,manipulate,"ショウ
shō"
1501,晶,日,12,S,sparkle,"ショウ
shō"
1502,焦,火,12,S,char,"ショウ、こ-げる、こ-がす、こ-がれる、あせ-る
shō, ko-geru, ko-gasu, ko-gareru, ase-ru"
1503,硝,石,12,S,nitrate,"ショウ
shō"
1504,粧,米,12,S,cosmetics,"ショウ
shō"
1505,詔,言,12,S,imperial edict,"ショウ、みことのり
shō, mikotonori"
1506,奨,大,13,S,exhort,"ショウ
shō"
1507,詳,言,13,S,detailed,"ショウ、くわ-しい
shō, kuwa-shii"
1508,彰,彡,14,S,patent,"ショウ
shō"
1509,憧,心,15,S,desire,"ショウ、あこが-れる
shō, akoga-reru"
1510,衝,行,15,S,collide,"ショウ
shō"
1511,償,人,17,S,reparation,"ショウ、つぐな-う
shō, tsuguna-u"
1512,礁,石,17,S,reef,"ショウ
shō"
1513,鐘,金,20,S,bell,"ショウ、かね
shō, kane"
1514,丈,一,3,S,length,"ジョウ、たけ
jō, take"
1515,冗,冖,4,S,superfluous,"ジョウ
jō"
1516,浄,水,9,S,clean,"ジョウ
jō"
1517,剰,刀,11,S,surplus,"ジョウ
jō"
1518,畳,田,12,S,tatami mat,"ジョウ、たた-む、たたみ
jō, tata-mu, tatami"
1519,縄,糸,15,S,straw rope,"ジョウ、なわ
jō, nawa"
1520,壌,土,16,S,lot,"ジョウ
jō"
1521,嬢,女,16,S,lass,"ジョウ
jō"
1522,錠,金,16,S,lock,"ジョウ
jō"
1523,譲,言,20,S,defer,"ジョウ、ゆず-る
jō, yuzu-ru"
1524,醸,酉,20,S,brew,"ジョウ、かも-す
jō, kamo-su"
1525,拭,手,9,S,wipe,"ショク、ふ-く、ぬぐ-う
shoku, fu-ku, nugu-u"
1526,殖,歹,12,S,augment,"ショク、ふ-える、ふ-やす
shoku, fu-eru, fu-yasu"
1527,飾,食,13,S,decorate,"ショク、かざ-る
shoku, kaza-ru"
1528,触,角,13,S,contact,"ショク、ふ-れる、さわ-る
shoku, fu-reru, sawa-ru"
1529,嘱,口,15,S,entrust,"ショク
shoku"
1530,辱,辰,10,S,embarrass,"ジョク、はずかし-める
joku, hazukashi-meru"
1531,尻,尸,5,S,buttocks,"しり
shiri"
1532,伸,人,7,S,lengthen,"シン、の-びる、の-ばす、の-べる
shin, no-biru, no-basu, no-beru"
1533,芯,艸,7,S,core,"シン
shin"
1534,辛,辛,7,S,spicy,"シン、から-い
shin, kara-i"
1535,侵,人,9,S,encroach,"シン、おか-す
shin, oka-su"
1536,津,水,9,S,haven,"シン、つ
shin, tsu"
1537,唇,口,10,S,lips,"シン、くちびる
shin, kuchibiru"
1538,娠,女,10,S,with child,"シン
shin"
1539,振,手,10,S,shake,"シン、ふ-る、ふ-るう、ふ-れる
shin, fu-ru, fu-rū, fu-reru"
1540,浸,水,10,S,immersed,"シン、ひた-す、ひた-る
shin, hita-su, hita-ru"
1541,紳,糸,11,S,sire,"シン
shin"
1542,診,言,12,S,checkup,"シン、み-る
shin, mi-ru"
1543,寝,宀,13,S,lie down,"シン、ね-る、ね-かす
shin, ne-ru, ne-kasu"
1544,慎,心,13,S,humility,"シン、つつし-む
shin, tsutsushi-mu"
1545,審,宀,15,S,examine,"シン
shin"
1546,震,雨,15,S,quake,"シン、ふる-う、ふる-える
shin, furu-u, furu-eru"
1547,薪,艸,16,S,fuel,"シン、たきぎ
shin, takigi"
1548,刃,刀,3,S,blade,"ジン、は
jin, ha"
1549,尽,皿,6,S,exhaust,"ジン、つ-くす、つ-きる、つ-かす
jin, tsu-kusu, tsu-kiru, tsu-kasu"
1550,迅,辵,6,S,swift,"ジン
jin"
1551,甚,甘,9,S,tremendously,"ジン、はなは-だ、はなは-だしい
jin, hanaha-da, hanaha-dashii"
1552,陣,阜,10,S,camp,"ジン
jin"
1553,尋,寸,12,S,inquire,"ジン、たず-ねる
jin, tazu-neru"
1554,腎,肉,13,S,kidney,"ジン
jin"
1555,須,頁,12,S,by all means,"ス
su"
1556,吹,口,7,S,blow,"スイ、ふ-く
sui, fu-ku"
1557,炊,火,8,S,cook,"スイ、た-く
sui, ta-ku"
1558,帥,巾,9,S,commander,"スイ
sui"
1559,粋,米,10,S,chic,"スイ、いき
sui, iki"
1560,衰,衣,10,S,decline,"スイ、おとろ-える
sui, otoro-eru"
1561,酔,酉,11,S,drunk,"スイ、よ-う
sui, yo-u"
1562,遂,辵,12,S,consummate,"スイ、と-げる
sui, to-geru"
1563,睡,目,13,S,drowsy,"スイ
sui"
1564,穂,禾,15,S,ear,"スイ、ほ
sui, ho"
1565,随,阜,12,S,follow,"ズイ
zui"
1566,髄,骨,19,S,marrow,"ズイ
zui"
1567,枢,木,8,S,hinge,"スウ
sū"
1568,崇,山,11,S,adore,"スウ
sū"
1569,据,手,11,S,set,"す-える、す-わる
su-eru, su-waru"
1570,杉,木,7,S,cedar,"すぎ
sugi"
1571,裾,衣,13,S,cuff,"すそ
suso"
1572,瀬,水,19,S,rapids,"せ
se"
1573,是,日,9,S,just so,"ゼ
ze"
1574,井,二,4,S,well,"セイ、（ショウ）、い
sei, (shō), i"
1575,姓,女,8,S,surname,"セイ、ショウ
sei, shō"
1576,征,彳,8,S,subjugate,"セイ
sei"
1577,斉,齊,8,S,adjusted,"セイ
sei"
1578,牲,牛,9,S,animal sacrifice,"セイ
sei"
1579,凄,冫,10,S,uncanny,"セイ
sei"
1580,逝,辵,10,S,departed,"セイ、ゆ-く、い-く
sei, yu-ku, i-ku"
1581,婿,女,12,S,bridegroom,"セイ、むこ
sei, muko"
1582,誓,言,14,S,vow,"セイ、ちか-う
sei, chika-u"
1583,請,言,15,S,solicit,"セイ、（シン）、こ-う、う-ける
sei, (shin), ko-u, u-keru"
1584,醒,酉,16,S,be disillusioned,"セイ
sei"
1585,斥,斤,5,S,reject,"セキ
seki"
1586,析,木,8,S,chop,"セキ
seki"
1587,脊,肉,10,S,stature,"セキ
seki"
1588,隻,隹,10,S,vessels,"セキ
seki"
1589,惜,心,11,S,pity,"セキ、お-しい、お-しむ
seki, o-shii, o-shimu"
1590,戚,戈,11,S,grieve,"セキ
seki"
1591,跡,足,13,S,tracks,"セキ、あと
seki, ato"
1592,籍,竹,20,S,enroll,"セキ
seki"
1593,拙,手,8,S,bungling,"セツ、つたな-い
setsu, tsutana-i"
1594,窃,穴,9,S,stealth,"セツ
setsu"
1595,摂,手,13,S,vicarious,"セツ
setsu"
1596,仙,人,5,S,hermit,"セン
sen"
1597,占,卜,5,S,fortune telling,"セン、し-める、うらな-う
sen, shi-meru, urana-u"
1598,扇,戶,10,S,fan,"セン、おうぎ
sen, ōgi"
1599,栓,木,10,S,plug,"セン
sen"
1600,旋,方,11,S,rotation,"セン
sen"
1601,煎 [7],火,13,S,broil,"セン、い-る
sen, i-ru"
1602,羨,羊,13,S,envy,"セン、うらや-む、うらや-ましい
sen, uraya-mu, uraya-mashii"
1603,腺,肉,13,S,gland,"セン
sen"
1604,詮 [7],言,13,S,discussion,"セン
sen"
1605,践,足,13,S,tread,"セン
sen"
1606,箋,竹,14,S,paper,"セン
sen"
1607,潜,水,15,S,submerge,"セン、ひそ-む、もぐ-る
sen, hiso-mu, mogu-ru"
1608,遷,辵,15,S,transition,"セン
sen"
1609,薦,艸,16,S,recommend,"セン、すす-める
sen, susu-meru"
1610,繊,糸,17,S,slender,"セン
sen"
1611,鮮,魚,17,S,fresh,"セン、あざ-やか
sen, aza-yaka"
1612,禅,示,13,S,Zen,"ゼン
zen"
1613,漸,水,14,S,steadily,"ゼン
zen"
1614,膳,肉,16,S,tray,"ゼン
zen"
1615,繕,糸,18,S,darning,"ゼン、つくろ-う
zen, tsukuro-u"
1616,狙,犬,8,S,aim at,"ソ、ねら-う
so, nera-u"
1617,阻,阜,8,S,thwart,"ソ、はば-む
so, haba-mu"
1618,租,禾,10,S,tariff,"ソ
so"
1619,措,手,11,S,set aside,"ソ
so"
1620,粗,米,11,S,coarse,"ソ、あら-い
so, ara-i"
1621,疎,疋,12,S,alienate,"ソ、うと-い、うと-む
so, uto-i, uto-mu"
1622,訴,言,12,S,sue,"ソ、うった-える
so, utta-eru"
1623,塑,土,13,S,model,"ソ
so"
1624,遡 [8],辵,14,S,go upstream,"ソ、さかのぼ-る
so, sakanobo-ru"
1625,礎,石,18,S,cornerstone,"ソ、いしずえ
so, ishizue"
1626,双,隹,4,S,pair,"ソウ、ふた
sō, futa"
1627,壮,士,6,S,robust,"ソウ
sō"
1628,荘,艸,9,S,villa,"ソウ
sō"
1629,捜,手,10,S,search,"ソウ、さが-す
sō, saga-su"
1630,挿,手,10,S,insert,"ソウ、さ-す
sō, sa-su"
1631,桑,木,10,S,mulberry,"ソウ、くわ
sō, kuwa"
1632,掃,手,11,S,sweep,"ソウ、は-く
sō, ha-ku"
1633,曹,曰,11,S,cadet,"ソウ
sō"
1634,曽,曰,11,S,formerly,"ソウ、（ゾ）
sō, (zo)"
1635,爽,爻,11,S,refreshing,"ソウ、さわ-やか
sō, sawa-yaka"
1636,喪,口,12,S,miss,"ソウ、も
sō, mo"
1637,痩,疒,12,S,get thin,"ソウ、や-せる
sō, ya-seru"
1638,葬,艸,12,S,interment,"ソウ、ほうむ-る
sō, hōmu-ru"
1639,僧,人,13,S,Buddhist priest,"ソウ
sō"
1640,遭,辵,14,S,encounter,"ソウ、あ-う
sō, a-u"
1641,槽,木,15,S,vat,"ソウ
sō"
1642,踪,足,15,S,remains,"ソウ
sō"
1643,燥,火,17,S,parch,"ソウ
sō"
1644,霜,雨,17,S,frost,"ソウ、しも
sō, shimo"
1645,騒,馬,18,S,boisterous,"ソウ、さわ-ぐ
sō, sawa-gu"
1646,藻,艸,19,S,seaweed,"ソウ、も
sō, mo"
1647,憎,心,14,S,hate,"ゾウ、にく-む、にく-い、にく-らしい、にく-しみ
zō, niku-mu, niku-i, niku-rashii, niku-shimi"
1648,贈,貝,18,S,presents,"ゾウ、（ソウ）、おく-る
zō, (sō), oku-ru"
1649,即,卩,7,S,instant,"ソク
soku"
1650,促,人,9,S,stimulate,"ソク、うなが-す
soku, unaga-su"
1651,捉,手,10,S,capture,"ソク、とら-える
soku, tora-eru"
1652,俗,人,9,S,vulgar,"ゾク
zoku"
1653,賊,貝,13,S,burglar,"ゾク
zoku"
1654,遜 [8],辵,14,S,humble,"ソン
son"
1655,汰,水,7,S,luxury,"タ
ta"
1656,妥,女,7,S,gentle,"ダ
da"
1657,唾,口,11,S,saliva,"ダ、つば
da, tsuba"
1658,堕,土,12,S,degenerate,"ダ
da"
1659,惰,心,12,S,lazy,"ダ
da"
1660,駄,馬,14,S,burdensome,"ダ
da"
1661,耐,而,9,S,resistant,"タイ、た-える
tai, ta-eru"
1662,怠,心,9,S,neglect,"タイ、おこた-る、なま-ける
tai, okota-ru, nama-keru"
1663,胎,肉,9,S,womb,"タイ
tai"
1664,泰,水,10,S,peaceful,"タイ
tai"
1665,堆,土,11,S,piled high,"タイ
tai"
1666,袋,衣,11,S,sack,"タイ、ふくろ
tai, fukuro"
1667,逮,辵,11,S,apprehend,"タイ
tai"
1668,替,曰,12,S,exchange,"タイ、か-える、か-わる
tai, ka-eru, ka-waru"
1669,滞,水,13,S,stagnate,"タイ、とどこお-る
tai, todokoo-ru"
1670,戴,戈,17,S,be crowned with,"タイ
tai"
1671,滝,水,13,S,waterfall,"たき
taki"
1672,択,手,7,S,choose,"タク
taku"
1673,沢,水,7,S,swamp,"タク、さわ
taku, sawa"
1674,卓,十,8,S,eminent,"タク
taku"
1675,拓,手,8,S,clear (the land),"タク
taku"
1676,託,言,10,S,consign,"タク
taku"
1677,濯,水,17,S,laundry,"タク
taku"
1678,諾,言,15,S,consent,"ダク
daku"
1679,濁,水,16,S,voiced,"ダク、にご-る、にご-す
daku, nigo-ru, nigo-su"
1680,但,人,7,S,however,"ただ-し
tada-shi"
1681,脱,肉,11,S,undress,"ダツ、ぬ-ぐ、ぬ-げる
datsu, nu-gu, nu-geru"
1682,奪,大,14,S,rob,"ダツ、うば-う
datsu, uba-u"
1683,棚,木,12,S,shelf,"たな
tana"
1684,誰,言,15,S,who (question word),"だれ
dare"
1685,丹,丶,4,S,cinnabar,"タン
tan"
1686,旦,日,5,S,daybreak,"タン、ダン
tan, dan"
1687,胆,肉,9,S,gall bladder,"タン
tan"
1688,淡,水,11,S,thin,"タン、あわ-い
tan, awa-i"
1689,嘆,口,13,S,sigh,"タン、なげ-く、なげ-かわしい
tan, nage-ku, nage-kawashii"
1690,端,立,14,S,edge,"タン、はし、は、はた
tan, hashi, ha, hata"
1691,綻,糸,14,S,rip,"タン、ほころ-びる
tan, hokoro-biru"
1692,鍛,金,17,S,forge,"タン、きた-える
tan, kita-eru"
1693,弾,弓,12,S,bullet,"ダン、ひ-く、はず-む、たま
dan, hi-ku, hazu-mu, tama"
1694,壇,土,16,S,podium,"ダン、（タン）
dan, (tan)"
1695,恥,心,10,S,shame,"チ、は-じる、はじ、は-じらう、は-ずかしい
chi, ha-jiru, haji, ha-jirau, ha-zukashii"
1696,致,至,10,S,(to) do,"チ、いた-す
chi, ita-su"
1697,遅,辵,12,S,slow,"チ、おく-れる、おく-らす、おそ-い
chi, oku-reru, oku-rasu, oso-i"
1698,痴,疒,13,S,stupid,"チ
chi"
1699,稚,禾,13,S,immature,"チ
chi"
1700,緻,糸,16,S,fine (not coarse),"チ
chi"
1701,畜,田,10,S,livestock,"チク
chiku"
1702,逐,辵,10,S,pursue,"チク
chiku"
1703,蓄,艸,13,S,amass,"チク、たくわ-える
chiku, takuwa-eru"
1704,秩,禾,10,S,regularity,"チツ
chitsu"
1705,窒,穴,11,S,plug up,"チツ
chitsu"
1706,嫡,女,14,S,legitimate wife,"チャク
chaku"
1707,沖,水,7,S,open sea,"チュウ、おき
chū, oki"
1708,抽,手,8,S,pluck,"チュウ
chū"
1709,衷,衣,10,S,inmost,"チュウ
chū"
1710,酎,酉,10,S,sake,"チュウ
chū"
1711,鋳,金,15,S,casting,"チュウ、い-る
chū, i-ru"
1712,駐,馬,15,S,stop-over,"チュウ
chū"
1713,弔,弓,4,S,condolences,"チョウ、とむら-う
chō, tomura-u"
1714,挑,手,9,S,challenge,"チョウ、いど-む
chō, ido-mu"
1715,彫,彡,11,S,carve,"チョウ、ほ-る
chō, ho-ru"
1716,眺,目,11,S,stare,"チョウ、なが-める
chō, naga-meru"
1717,釣,金,11,S,angling,"チョウ、つ-る
chō, tsu-ru"
1718,貼,貝,12,S,paste,"チョウ、は-る
chō, ha-ru"
1719,超,走,12,S,transcend,"チョウ、こ-える、こ-す
chō, ko-eru, ko-su"
1720,跳,足,13,S,hop,"チョウ、は-ねる、と-ぶ
chō, ha-neru, to-bu"
1721,徴,彳,14,S,indications,"チョウ
chō"
1722,嘲 [7],口,15,S,ridicule,"チョウ、あざけ-る
chō, azake-ru"
1723,澄,水,15,S,lucidity,"チョウ、す-む、す-ます
chō, su-mu, su-masu"
1724,聴,耳,17,S,listen,"チョウ、き-く
chō, ki-ku"
1725,懲,心,18,S,penal,"チョウ、こ-りる、こ-らす、こ-らしめる
chō, ko-riru, ko-rasu, ko-rashimeru"
1726,勅,力,9,S,imperial order,"チョク
choku"
1727,捗 [7],手,10,S,make progress,"チョク
choku"
1728,沈,水,7,S,sink,"チン、しず-む、しず-める
chin, shizu-mu, shizu-meru"
1729,珍,玉,9,S,rare,"チン、めずら-しい
chin, mezura-shii"
1730,朕,月,10,S,majestic plural,"チン
chin"
1731,陳,阜,11,S,exhibit,"チン
chin"
1732,鎮,金,18,S,tranquilize,"チン、しず-める、しず-まる
chin, shizu-meru, shizu-maru"
1733,椎,木,12,S,oak,"ツイ
tsui"
1734,墜,土,15,S,crash,"ツイ
tsui"
1735,塚,土,12,S,hillock,"つか
tsuka"
1736,漬,水,14,S,pickling,"つ-ける、つ-かる
tsu-keru, tsu-karu"
1737,坪,土,8,S,two-mat area,"つぼ
tsubo"
1738,爪,爪,4,S,claw,"つめ、（つま）
tsume, (tsuma)"
1739,鶴,鳥,21,S,crane,"つる
tsuru"
1740,呈,口,7,S,display,"テイ
tei"
1741,廷,廴,7,S,courts,"テイ
tei"
1742,抵,手,8,S,resist,"テイ
tei"
1743,邸,邑,8,S,residence,"テイ
tei"
1744,亭,亠,9,S,pavilion,"テイ
tei"
1745,貞,貝,9,S,upright,"テイ
tei"
1746,帝,巾,9,S,sovereign,"テイ
tei"
1747,訂,言,9,S,revise,"テイ
tei"
1748,逓,辵,10,S,relay,"テイ
tei"
1749,偵,人,11,S,spy,"テイ
tei"
1750,堤,土,12,S,dike,"テイ、つつみ
tei, tsutsumi"
1751,艇,舟,13,S,rowboat,"テイ
tei"
1752,締,糸,15,S,tighten,"テイ、し-まる、し-める
tei, shi-maru, shi-meru"
1753,諦,言,16,S,abandon,"テイ、あきら-める
tei, akira-meru"
1754,泥,水,8,S,mud,"デイ、どろ
dei, doro"
1755,摘,手,14,S,pinch,"テキ、つ-む
teki, tsu-mu"
1756,滴,水,14,S,drip,"テキ、しずく、したた-る
teki, shizuku, shitata-ru"
1757,溺 [7],水,13,S,drown,"デキ、おぼ-れる
deki, obo-reru"
1758,迭,辵,8,S,transfer,"テツ
tetsu"
1759,哲,口,10,S,philosophy,"テツ
tetsu"
1760,徹,彳,15,S,penetrate,"テツ
tetsu"
1761,撤,手,15,S,remove,"テツ
tetsu"
1762,添,水,11,S,annexed,"テン、そ-える、そ-う
ten, so-eru, so-u"
1763,塡 [7],土,13,S,fill in,"テン
ten"
1764,殿,殳,13,S,Mr.,"デン、テン、との、どの
den, ten, tono, dono"
1765,斗,斗,4,S,Big Dipper,"ト
to"
1766,吐,口,6,S,spit,"ト、は-く
to, ha-ku"
1767,妬,女,8,S,jealousy,"ト、ねた-む
to, neta-mu"
1768,途,辵,10,S,route,"ト
to"
1769,渡,水,12,S,transit,"ト、わた-る、わた-す
to, wata-ru, wata-su"
1770,塗,土,13,S,paint,"ト、ぬ-る
to, nu-ru"
1771,賭 [7],貝,16,S,gamble,"ト、か-ける
to, ka-keru"
1772,奴,女,5,S,guy,"ド
do"
1773,怒,心,9,S,angry,"ド、いか-る、おこ-る
do, ika-ru, oko-ru"
1774,到,刀,8,S,arrival,"トウ
tō"
1775,逃,辵,9,S,escape,"トウ、に-げる、に-がす、のが-す、のが-れる
tō, ni-geru, ni-gasu, noga-su, noga-reru"
1776,倒,人,10,S,overthrow,"トウ、たお-れる、たお-す
tō, tao-reru, tao-su"
1777,凍,冫,10,S,frozen,"トウ、こお-る、こご-える
tō, koo-ru, kogo-eru"
1778,唐,口,10,S,T'ang,"トウ、から
tō, kara"
1779,桃,木,10,S,peach tree,"トウ、もも
tō, momo"
1780,透,辵,10,S,transparent,"トウ、す-く、す-かす、す-ける
tō, su-ku, su-kasu, su-keru"
1781,悼,心,11,S,lament,"トウ、いた-む
tō, ita-mu"
1782,盗,皿,11,S,steal,"トウ、ぬす-む
tō, nusu-mu"
1783,陶,阜,11,S,pottery,"トウ
tō"
1784,塔,土,12,S,pagoda,"トウ
tō"
1785,搭,手,12,S,board,"トウ
tō"
1786,棟,木,12,S,ridgepole,"トウ、むね、（むな）
tō, mune, (muna)"
1787,痘,疒,12,S,pox,"トウ
tō"
1788,筒,竹,12,S,cylinder,"トウ、つつ
tō, tsutsu"
1789,稲,禾,14,S,rice plant,"トウ、いね、（いな）
tō, ine, (ina)"
1790,踏,足,15,S,step,"トウ、ふ-む、ふ-まえる
tō, fu-mu, fu-maeru"
1791,謄,言,17,S,mimeograph,"トウ
tō"
1792,藤,艸,18,S,wisteria,"トウ、ふじ
tō, fuji"
1793,闘,鬥,18,S,fight,"トウ、たたか-う
tō, tataka-u"
1794,騰,馬,20,S,inflation,"トウ
tō"
1795,洞,水,9,S,den,"ドウ、ほら
dō, hora"
1796,胴,肉,10,S,trunk,"ドウ
dō"
1797,瞳,目,17,S,pupil,"ドウ、ひとみ
dō, hitomi"
1798,峠,山,9,S,mountain peak,"とうげ
tōge"
1799,匿,匸,10,S,hide,"トク
toku"
1800,督,目,13,S,coach,"トク
toku"
1801,篤,竹,16,S,fervent,"トク
toku"
1802,栃 [5],木,9,S,horse chestnut,"（とち）[6]
(tochi)"
1803,凸,凵,5,S,convex,"トツ
totsu"
1804,突,穴,8,S,stab,"トツ、つ-く
totsu, tsu-ku"
1805,屯,屮,4,S,barracks,"トン
ton"
1806,豚,豕,11,S,pork,"トン、ぶた
ton, buta"
1807,頓,頁,13,S,suddenly,"トン
ton"
1808,貪,貝,11,S,covet,"ドン、むさぼ-る
don, musabo-ru"
1809,鈍,金,12,S,dull,"ドン、にぶ-い、にぶ-る
don, nibu-i, nibu-ru"
1810,曇,日,16,S,cloudy weather,"ドン、くも-る
don, kumo-ru"
1811,丼,丶,5,S,bowl of food,"どんぶり、（どん）
donburi, (don)"
1812,那,邑,7,S,what,"ナ
na"
1813,奈,大,8,S,what,"ナ
na"
1814,梨,木,11,S,pear tree,"なし
nashi"
1815,謎 [8],言,17,S,riddle,"なぞ
nazo"
1816,鍋,金,17,S,pot,"なべ
nabe"
1817,軟,車,11,S,soft,"ナン、やわ-らか、やわ-らかい
nan, yawa-raka, yawa-rakai"
1818,尼,尸,5,S,nun,"ニ、あま
ni, ama"
1819,弐,貝,6,S,two (falsification prevention),"ニ
ni"
1820,匂,勹,4,S,scent,"にお-う
nio-u"
1821,虹,虫,9,S,rainbow,"にじ
niji"
1822,尿,尸,7,S,urine,"ニョウ
nyō"
1823,妊,女,7,S,pregnancy,"ニン
nin"
1824,忍,心,7,S,endure,"ニン、しの-ぶ、しの-ばせる
nin, shino-bu, shino-baseru"
1825,寧,宀,14,S,rather,"ネイ
nei"
1826,捻,手,11,S,twist,"ネン
nen"
1827,粘,米,11,S,sticky,"ネン、ねば-る
nen, neba-ru"
1828,悩,心,10,S,trouble,"ノウ、なや-む、なや-ます
nō, naya-mu, naya-masu"
1829,濃,水,16,S,concentrated,"ノウ、こ-い
nō, ko-i"
1830,把,手,7,S,grasp,"ハ
ha"
1831,覇,雨,19,S,hegemony,"ハ
ha"
1832,婆,女,11,S,old woman,"バ
ba"
1833,罵,网,15,S,insult,"バ、ののし-る
ba, nonoshi-ru"
1834,杯,木,8,S,counter for cupfuls,"ハイ、さかずき
hai, sakazuki"
1835,排,手,11,S,repudiate,"ハイ
hai"
1836,廃,广,12,S,abolish,"ハイ、すた-れる、すた-る
hai, suta-reru, suta-ru"
1837,輩,車,15,S,comrade,"ハイ
hai"
1838,培,土,11,S,cultivate,"バイ、つちか-う
bai, tsuchika-u"
1839,陪,阜,11,S,obeisance,"バイ
bai"
1840,媒,女,12,S,mediator,"バイ
bai"
1841,賠,貝,15,S,compensation,"バイ
bai"
1842,伯,人,7,S,chief,"ハク
haku"
1843,拍,手,8,S,clap,"ハク、（ヒョウ）
haku, (hyō)"
1844,泊,水,8,S,overnight,"ハク、と-まる、と-める
haku, to-maru, to-meru"
1845,迫,辵,8,S,urge,"ハク、せま-る
haku, sema-ru"
1846,剝 [7],刀,10,S,peel,"ハク、は-がす、は-ぐ、は-がれる、は-げる
haku, ha-gasu, ha-gu, ha-gareru, ha-geru"
1847,舶,舟,11,S,liner,"ハク
haku"
1848,薄,艸,16,S,dilute,"ハク、うす-い、うす-める、うす-まる、うす-らぐ、うす-れる
haku, usu-i, usu-meru, usu-maru, usu-ragu, usu-reru"
1849,漠,水,13,S,vague,"バク
baku"
1850,縛,糸,16,S,truss,"バク、しば-る
baku, shiba-ru"
1851,爆,火,19,S,explode,"バク
baku"
1852,箸 [7],竹,15,S,chopsticks,"はし
hashi"
1853,肌,肉,6,S,texture,"はだ
hada"
1854,鉢,金,13,S,bowl,"ハチ、（ハツ）
hachi, (hatsu)"
1855,髪,髟,14,S,hair of the head,"ハツ、かみ
hatsu, kami"
1856,伐,人,6,S,fell,"バツ
batsu"
1857,抜,手,7,S,slip out,"バツ、ぬ-く、ぬ-ける、ぬ-かす、ぬ-かる
batsu, nu-ku, nu-keru, nu-kasu, nu-karu"
1858,罰,网,14,S,penalty,"バツ、バチ
batsu, bachi"
1859,閥,門,14,S,clique,"バツ
batsu"
1860,氾,水,5,S,spread out,"ハン
han"
1861,帆,巾,6,S,sail,"ハン、ほ
han, ho"
1862,汎,水,6,S,pan-,"ハン
han"
1863,伴,人,7,S,consort,"ハン、バン、ともな-う
han, ban, tomona-u"
1864,阪,阜,7,S,heights,"ハン
han"
1865,畔,田,10,S,paddy-ridge,"ハン
han"
1866,般,舟,10,S,generally,"ハン
han"
1867,販,貝,11,S,marketing,"ハン
han"
1868,斑,文,12,S,blemish,"ハン
han"
1869,搬,手,13,S,conveyor,"ハン
han"
1870,煩,火,13,S,anxiety,"ハン、（ボン）、わずら-う、わずら-わす
han, (bon), wazura-u, wazura-wasu"
1871,頒,頁,13,S,partition,"ハン
han"
1872,範,竹,15,S,pattern,"ハン
han"
1873,繁,糸,16,S,luxuriant,"ハン
han"
1874,藩,艸,18,S,clan,"ハン
han"
1875,蛮,虫,12,S,barbarian,"バン
ban"
1876,盤,皿,15,S,tray,"バン
ban"
1877,妃,女,6,S,queen,"ヒ
hi"
1878,彼,彳,8,S,he,"ヒ、かれ、（かの）
hi, kare, (kano)"
1879,披,手,8,S,expose,"ヒ
hi"
1880,卑,十,9,S,lowly,"ヒ、いや-しい、いや-しむ、いや-しめる
hi, iya-shii, iya-shimu, iya-shimeru"
1881,疲,疒,10,S,exhausted,"ヒ、つか-れる
hi, tsuka-reru"
1882,被,衣,10,S,incur,"ヒ、こうむ-る
hi, kōmu-ru"
1883,扉,戶,12,S,front door,"ヒ、とびら
hi, tobira"
1884,碑,石,14,S,tombstone,"ヒ
hi"
1885,罷,网,15,S,quit,"ヒ
hi"
1886,避,辵,16,S,evade,"ヒ、さ-ける
hi, sa-keru"
1887,尾,尸,7,S,tail,"ビ、お
bi, o"
1888,眉,目,9,S,eyebrow,"ビ、（ミ）、まゆ
bi, (mi), mayu"
1889,微,彳,13,S,delicate,"ビ
bi"
1890,膝,肉,15,S,knee,"ひざ
hiza"
1891,肘,肉,7,S,elbow,"ひじ
hiji"
1892,匹,匸,4,S,equal,"ヒツ、ひき
hitsu, hiki"
1893,泌,水,8,S,ooze,"ヒツ、ヒ
hitsu, hi"
1894,姫,女,10,S,princess,"ひめ
hime"
1895,漂,水,14,S,drift,"ヒョウ、ただよ-う
hyō, tadayo-u"
1896,苗,艸,8,S,seedling,"ビョウ、なえ、（なわ）
byō, nae, (nawa)"
1897,描,手,11,S,sketch,"ビョウ、えが-く、か-く
byō, ega-ku, ka-ku"
1898,猫,犬,11,S,cat,"ビョウ、ねこ
byō, neko"
1899,浜,水,10,S,seacoast,"ヒン、はま
hin, hama"
1900,賓,貝,15,S,V.I.P.,"ヒン
hin"
1901,頻,頁,17,S,repeatedly,"ヒン
hin"
1902,敏,攴,10,S,cleverness,"ビン
bin"
1903,瓶,瓦,11,S,flower pot,"ビン
bin"
1904,扶,手,7,S,aid,"フ
fu"
1905,怖,心,8,S,dreadful,"フ、こわ-い
fu, kowa-i"
1906,阜,阜,8,S,mound,"（フ）[6]
(fu)"
1907,附,阜,8,S,affixed,"フ
fu"
1908,訃,言,9,S,obituary,"フ
fu"
1909,赴,走,9,S,proceed,"フ、おもむ-く
fu, omomu-ku"
1910,浮,水,10,S,floating,"フ、う-く、う-かれる、う-かぶ、う-かべる
fu, u-ku, u-kareru, u-kabu, u-kaberu"
1911,符,竹,11,S,token,"フ
fu"
1912,普,日,12,S,universal,"フ
fu"
1913,腐,肉,14,S,rot,"フ、くさ-る、くさ-れる、くさ-らす
fu, kusa-ru, kusa-reru, kusa-rasu"
1914,敷,攴,15,S,spread,"フ、し-く
fu, shi-ku"
1915,膚,肉,15,S,skin,"フ
fu"
1916,賦,貝,15,S,levy,"フ
fu"
1917,譜,言,19,S,musical score,"フ
fu"
1918,侮,人,8,S,scorn,"ブ、あなど-る
bu, anado-ru"
1919,舞,舛,15,S,dance,"ブ、ま-う、まい
bu, ma-u, mai"
1920,封,寸,9,S,seal,"フウ、ホウ
fū, hō"
1921,伏,人,6,S,prostrated,"フク、ふ-せる、ふ-す
fuku, fu-seru, fu-su"
1922,幅,巾,12,S,breadth,"フク、はば
fuku, haba"
1923,覆,襾,18,S,capsize,"フク、おお-う、くつがえ-す、くつがえ-る
fuku, oo-u, kutsugae-su, kutsugae-ru"
1924,払,手,5,S,pay,"フツ、はら-う
futsu, hara-u"
1925,沸,水,8,S,seethe,"フツ、わ-く、わ-かす
futsu, wa-ku, wa-kasu"
1926,紛,糸,10,S,distract,"フン、まぎ-れる、まぎ-らす、まぎ-らわす、まぎ-らわしい
fun, magi-reru, magi-rasu, magi-rawasu, magi-rawashii"
1927,雰,雨,12,S,atmosphere,"フン
fun"
1928,噴,口,15,S,erupt,"フン、ふ-く
fun, fu-ku"
1929,墳,土,15,S,tomb,"フン
fun"
1930,憤,心,15,S,aroused,"フン、いきどお-る
fun, ikidoo-ru"
1931,丙,一,5,S,third class,"ヘイ
hei"
1932,併,人,8,S,join,"ヘイ、あわ-せる
hei, awa-seru"
1933,柄,木,9,S,design,"ヘイ、がら、え
hei, gara, e"
1934,塀,土,12,S,fence,"ヘイ
hei"
1935,幣,巾,15,S,cash,"ヘイ
hei"
1936,弊,廾,15,S,abuse,"ヘイ
hei"
1937,蔽 [7],艸,15,S,cover,"ヘイ
hei"
1938,餅 [8],食,15,S,mochi rice cake,"ヘイ、もち
hei, mochi"
1939,壁,土,16,S,wall,"ヘキ、かべ
heki, kabe"
1940,璧,玉,18,S,sphere,"ヘキ
heki"
1941,癖,疒,18,S,mannerism,"ヘキ、くせ
heki, kuse"
1942,蔑,艸,14,S,ignore,"ベツ、さげす-む
betsu, sagesu-mu"
1943,偏,人,11,S,partial,"ヘン、かたよ-る
hen, katayo-ru"
1944,遍,辵,12,S,everywhere,"ヘン
hen"
1945,哺,口,10,S,suckle,"ホ
ho"
1946,捕,手,10,S,catch,"ホ、と-らえる、と-らわれる、と-る、つか-まえる、つか-まる
ho, to-raeru, to-rawareru, to-ru, tsuka-maeru, tsuka-maru"
1947,舗,舌,15,S,pavement,"ホ
ho"
1948,募,力,12,S,recruit,"ボ、つの-る
bo, tsuno-ru"
1949,慕,心,14,S,pining,"ボ、した-う
bo, shita-u"
1950,簿,竹,19,S,register,"ボ
bo"
1951,芳,艸,7,S,perfume,"ホウ、かんば-しい
hō, kanba-shii"
1952,邦,邑,7,S,home country,"ホウ
hō"
1953,奉,大,8,S,observance,"ホウ、（ブ）、たてまつ-る
hō, (bu), tatematsu-ru"
1954,抱,手,8,S,embrace,"ホウ、だ-く、いだ-く、かか-える
hō, da-ku, ida-ku, kaka-eru"
1955,泡,水,8,S,bubbles,"ホウ、あわ
hō, awa"
1956,胞,肉,9,S,placenta,"ホウ
hō"
1957,俸,人,10,S,salary,"ホウ
hō"
1958,倣,人,10,S,emulate,"ホウ、なら-う
hō, nara-u"
1959,峰,山,10,S,summit,"ホウ、みね
hō, mine"
1960,砲,石,10,S,cannon,"ホウ
hō"
1961,崩,山,11,S,crumble,"ホウ、くず-れる、くず-す
hō, kuzu-reru, kuzu-su"
1962,蜂,虫,13,S,bee,"ホウ、はち
hō, hachi"
1963,飽,食,13,S,sated,"ホウ、あ-きる、あ-かす
hō, a-kiru, a-kasu"
1964,褒,衣,15,S,praise,"ホウ、ほ-める
hō, ho-meru"
1965,縫,糸,16,S,sew,"ホウ、ぬ-う
hō, nu-u"
1966,乏,丿,4,S,scarce,"ボウ、とぼ-しい
bō, tobo-shii"
1967,忙,心,6,S,busy,"ボウ、いそが-しい
bō, isoga-shii"
1968,坊,土,7,S,boy,"ボウ、（ボッ）
bō, (bo')"
1969,妨,女,7,S,disturb,"ボウ、さまた-げる
bō, samata-geru"
1970,房,戶,8,S,tassel,"ボウ、ふさ
bō, fusa"
1971,肪,肉,8,S,obese,"ボウ
bō"
1972,某,木,9,S,so-and-so,"ボウ
bō"
1973,冒,冂,9,S,risk,"ボウ、おか-す
bō, oka-su"
1974,剖,刀,10,S,divide,"ボウ
bō"
1975,紡,糸,10,S,spinning,"ボウ、つむ-ぐ
bō, tsumu-gu"
1976,傍,人,12,S,bystander,"ボウ、かたわ-ら
bō, katawa-ra"
1977,帽,巾,12,S,cap,"ボウ
bō"
1978,貌,豸,14,S,appearance,"ボウ
bō"
1979,膨,肉,16,S,swell,"ボウ、ふく-らむ、ふく-れる
bō, fuku-ramu, fuku-reru"
1980,謀,言,16,S,conspire,"ボウ、（ム）、はか-る
bō, (mu), haka-ru"
1981,頰 [7],頁,16,S,cheek,"ほお
hoo"
1982,朴,木,6,S,crude,"ボク
boku"
1983,睦,目,13,S,harmonious,"ボク
boku"
1984,僕,人,14,S,me,"ボク
boku"
1985,墨,土,14,S,black ink,"ボク、すみ
boku, sumi"
1986,撲,手,15,S,slap,"ボク
boku"
1987,没,水,7,S,drown,"ボツ
botsu"
1988,勃,力,9,S,rise,"ボツ
botsu"
1989,堀,土,11,S,ditch,"ほり
hori"
1990,奔,大,8,S,bustle,"ホン
hon"
1991,翻,飛,18,S,flip,"ホン、ひるがえ-る、ひるがえ-す
hon, hirugae-ru, hirugae-su"
1992,凡,几,3,S,mediocre,"ボン、（ハン）
bon, (han)"
1993,盆,皿,9,S,basin,"ボン
bon"
1994,麻,麻,11,S,hemp,"マ、あさ
ma, asa"
1995,摩,手,15,S,chafe,"マ
ma"
1996,磨,石,16,S,grind,"マ、みが-く
ma, miga-ku"
1997,魔,鬼,21,S,witch,"マ
ma"
1998,昧,日,9,S,foolish,"マイ
mai"
1999,埋,土,10,S,bury,"マイ、う-める、う-まる、う-もれる
mai, u-meru, u-maru, u-moreru"
2000,膜,肉,14,S,membrane,"マク
maku"
2001,枕,木,8,S,pillow,"まくら
makura"
2002,又,又,2,S,or again,"また
mata"
2003,抹,手,8,S,rub,"マツ
matsu"
2004,慢,心,14,S,ridicule,"マン
man"
2005,漫,水,14,S,cartoon,"マン
man"
2006,魅,鬼,15,S,fascination,"ミ
mi"
2007,岬,山,8,S,headland,"みさき
misaki"
2008,蜜,虫,14,S,honey,"ミツ
mitsu"
2009,妙,女,7,S,exquisite,"ミョウ
myō"
2010,眠,目,10,S,sleep,"ミン、ねむ-る、ねむ-い
min, nemu-ru, nemu-i"
2011,矛,矛,5,S,halberd,"ム、ほこ
mu, hoko"
2012,霧,雨,19,S,fog,"ム、きり
mu, kiri"
2013,娘,女,10,S,daughter,"むすめ
musume"
2014,冥,冖,10,S,dark,"メイ、ミョウ
mei, myō"
2015,銘,金,14,S,inscription,"メイ
mei"
2016,滅,水,13,S,destroy,"メツ、ほろ-びる、ほろ-ぼす
metsu, horo-biru, horo-bosu"
2017,免,儿,8,S,excuse,"メン、まぬか-れる
men, manuka-reru"
2018,麺,麥,16,S,noodles,"メン
men"
2019,茂,艸,8,S,overgrown,"モ、しげ-る
mo, shige-ru"
2020,妄,女,6,S,delusion,"モウ、ボウ
mō, bō"
2021,盲,目,8,S,blind,"モウ
mō"
2022,耗,耒,10,S,decrease,"モウ、（コウ）
mō, (kō)"
2023,猛,犬,11,S,fierce,"モウ
mō"
2024,網,糸,14,S,netting,"モウ、あみ
mō, ami"
2025,黙,黑,15,S,silence,"モク、だま-る
moku, dama-ru"
2026,紋,糸,10,S,family crest,"モン
mon"
2027,冶,冫,7,S,melting,"ヤ
ya"
2028,弥,弓,8,S,all the more,"や
ya"
2029,厄,厂,4,S,unlucky,"ヤク
yaku"
2030,躍,足,21,S,leap,"ヤク、おど-る
yaku, odo-ru"
2031,闇,門,17,S,darkness,"やみ
yami"
2032,喩,口,12,S,metaphor,"ユ
yu"
2033,愉,心,12,S,pleasure,"ユ
yu"
2034,諭,言,16,S,rebuke,"ユ、さと-す
yu, sato-su"
2035,癒,疒,18,S,healing,"ユ、い-える、い-やす
yu, i-eru, i-yasu"
2036,唯,口,11,S,solely,"ユイ、（イ）
yui, (i)"
2037,幽,幺,9,S,seclude,"ユウ
yū"
2038,悠,心,11,S,permanence,"ユウ
yū"
2039,湧,水,12,S,boil,"ユウ、わ-く
yū, wa-ku"
2040,猶,犬,12,S,furthermore,"ユウ
yū"
2041,裕,衣,12,S,abundant,"ユウ
yū"
2042,雄,隹,12,S,male,"ユウ、お、おす
yū, o, osu"
2043,誘,言,14,S,entice,"ユウ、さそ-う
yū, saso-u"
2044,憂,心,15,S,melancholy,"ユウ、うれ-える、うれ-い、う-い
yū, ure-eru, ure-i, u-i"
2045,融,虫,16,S,dissolve,"ユウ
yū"
2046,与,臼,3,S,give,"ヨ、あた-える
yo, ata-eru"
2047,誉,言,13,S,reputation,"ヨ、ほま-れ
yo, homa-re"
2048,妖,女,7,S,bewitching,"ヨウ、あや-しい
yō, aya-shii"
2049,庸,广,11,S,commonplace,"ヨウ
yō"
2050,揚,手,12,S,hoist,"ヨウ、あ-げる、あ-がる
yō, a-geru, a-garu"
2051,揺,手,12,S,swing,"ヨウ、ゆ-れる、ゆ-る、ゆ-らぐ、ゆ-るぐ、ゆ-する、ゆ-さぶる、ゆ-すぶる
yō, yu-reru, yu-ru, yu-ragu, yu-rugu, yu-suru, yu-saburu, yu-suburu"
2052,溶,水,13,S,melt,"ヨウ、と-ける、と-かす、と-く
yō, to-keru, to-kasu, to-ku"
2053,腰,肉,13,S,loins,"ヨウ、こし
yō, koshi"
2054,瘍,疒,14,S,boil (medical),"ヨウ
yō"
2055,踊,足,14,S,jump,"ヨウ、おど-る、おど-り
yō, odo-ru, odo-ri"
2056,窯,穴,15,S,kiln,"ヨウ、かま
yō, kama"
2057,擁,手,16,S,embrace,"ヨウ
yō"
2058,謡,言,16,S,noh chanting,"ヨウ、うたい、うた-う
yō, utai, uta-u"
2059,抑,手,7,S,repress,"ヨク、おさ-える
yoku, osa-eru"
2060,沃,水,7,S,fertility,"ヨク
yoku"
2061,翼,羽,17,S,wing,"ヨク、つばさ
yoku, tsubasa"
2062,拉,手,8,S,crush,"ラ
ra"
2063,裸,衣,13,S,naked,"ラ、はだか
ra, hadaka"
2064,羅,网,19,S,gauze,"ラ
ra"
2065,雷,雨,13,S,thunder,"ライ、かみなり
rai, kaminari"
2066,頼,貝,16,S,trust,"ライ、たの-む、たの-もしい、たよ-る
rai, tano-mu, tano-moshii, tayo-ru"
2067,絡,糸,12,S,entwine,"ラク、から-む、から-まる、から-める
raku, kara-mu, kara-maru, kara-meru"
2068,酪,酉,13,S,dairy products,"ラク
raku"
2069,辣,辛,14,S,bitter,"ラツ
ratsu"
2070,濫,水,18,S,excessive,"ラン
ran"
2071,藍,艸,18,S,indigo,"ラン、あい
ran, ai"
2072,欄,木,20,S,column,"ラン
ran"
2073,吏,口,6,S,officer,"リ
ri"
2074,痢,疒,12,S,diarrhea,"リ
ri"
2075,履,尸,15,S,footgear,"リ、は-く
ri, ha-ku"
2076,璃,玉,15,S,glassy,"リ
ri"
2077,離,隹,19,S,detach,"リ、はな-れる、はな-す
ri, hana-reru, hana-su"
2078,慄,心,13,S,fear,"リツ
ritsu"
2079,柳,木,9,S,willow,"リュウ、やなぎ
ryū, yanagi"
2080,竜,龍,10,S,dragon,"リュウ、たつ
ryū, tatsu"
2081,粒,米,11,S,grains,"リュウ、つぶ
ryū, tsubu"
2082,隆,阜,11,S,hump,"リュウ
ryū"
2083,硫,石,12,S,sulphur,"リュウ
ryū"
2084,侶,人,9,S,companion,"リョ
ryo"
2085,虜,虍,13,S,captive,"リョ
ryo"
2086,慮,心,15,S,prudence,"リョ
ryo"
2087,了,亅,2,S,finish,"リョウ
ryō"
2088,涼,水,11,S,refreshing,"リョウ、すず-しい、すず-む
ryō, suzu-shii, suzu-mu"
2089,猟,犬,11,S,game-hunting,"リョウ
ryō"
2090,陵,阜,11,S,mausoleum,"リョウ、みささぎ
ryō, misasagi"
2091,僚,人,14,S,colleague,"リョウ
ryō"
2092,寮,宀,15,S,dormitory,"リョウ
ryō"
2093,療,疒,17,S,heal,"リョウ
ryō"
2094,瞭,目,17,S,clear,"リョウ
ryō"
2095,糧,米,18,S,provisions,"リョウ、（ロウ）、かて
ryō, (rō), kate"
2096,厘,厂,9,S,thousandth,"リン
rin"
2097,倫,人,10,S,ethics,"リン
rin"
2098,隣,阜,16,S,neighboring,"リン、とな-る、となり
rin, tona-ru, tonari"
2099,瑠,玉,14,S,lapis lazuli,"ル
ru"
2100,涙,水,10,S,tears,"ルイ、なみだ
rui, namida"
2101,累,糸,11,S,accumulate,"ルイ
rui"
2102,塁,土,12,S,bases,"ルイ
rui"
2103,励,力,7,S,encourage,"レイ、はげ-む、はげ-ます
rei, hage-mu, hage-masu"
2104,戻,戶,7,S,re-,"レイ、もど-す、もど-る
rei, modo-su, modo-ru"
2105,鈴,金,13,S,small bell,"レイ、リン、すず
rei, rin, suzu"
2106,零,雨,13,S,zero,"レイ
rei"
2107,霊,雨,15,S,spirits,"レイ、リョウ、たま
rei, ryō, tama"
2108,隷,隶,16,S,slave,"レイ
rei"
2109,齢,齒,17,S,age,"レイ
rei"
2110,麗,鹿,19,S,lovely,"レイ、うるわ-しい
rei, uruwa-shii"
2111,暦,日,14,S,calendar,"レキ、こよみ
reki, koyomi"
2112,劣,力,6,S,inferiority,"レツ、おと-る
retsu, oto-ru"
2113,烈,火,10,S,ardent,"レツ
retsu"
2114,裂,衣,12,S,split,"レツ、さ-く、さ-ける
retsu, sa-ku, sa-keru"
2115,恋,心,10,S,romance,"レン、こ-う、こい、こい-しい
ren, ko-u, koi, koi-shii"
2116,廉,广,13,S,bargain,"レン
ren"
2117,錬,金,16,S,tempering,"レン
ren"
2118,呂,口,7,S,spine,"ロ
ro"
2119,炉,火,8,S,hearth,"ロ
ro"
2120,賂,貝,13,S,bribe,"ロ
ro"
2121,露,雨,21,S,dew,"ロ、（ロウ）、つゆ
ro, (rō), tsuyu"
2122,弄,廾,7,S,tamper with,"ロウ、もてあそ-ぶ
rō, moteaso-bu"
2123,郎,邑,9,S,son,"ロウ
rō"
2124,浪,水,10,S,wandering,"ロウ
rō"
2125,廊,广,12,S,corridor,"ロウ
rō"
2126,楼,木,13,S,watchtower,"ロウ
rō"
2127,漏,水,14,S,leak,"ロウ、も-る、も-れる、も-らす
rō, mo-ru, mo-reru, mo-rasu"
2128,籠,竹,22,S,basket,"ロウ、かご、こ-もる
rō, kago, ko-moru"
2129,麓,鹿,19,S,foot of a mountain,"ロク、ふもと
roku, fumoto"
2130,賄,貝,13,S,bribe,"ワイ、まかな-う
wai, makana-u"
2131,脇,肉,10,S,aside,"わき
waki"
2132,惑,心,12,S,beguile,"ワク、まど-う
waku, mado-u"
2133,枠,木,8,S,frame,"わく
waku"
2134,湾,水,12,S,gulf,"ワン
wan"
2135,腕,肉,12,S,arm,"ワン、うで
wan, ude"
